Title,Rating,Voting,Duration,Genre
Twisters,6.5,168000,122,Action
Gladiator II,6.5,229000,148,Action
Sonic the Hedgehog 3,6.9,59000,110,Action
Kraven the Hunter,5.5,54000,127,Action
Deadpool & Wolverine,7.6,491000,128,Action
Civil War,7.0,237000,109,Action
Dune: Part Two,8.5,624000,166,Action
The Ministry of Ungentlemanly Warfare,6.8,135000,122,Action
Venom: The Last Dance,6.0,117000,110,Action
The Beekeeper,6.3,156000,105,Action
The Count of Monte-Cristo,7.6,34000,178,Action
Freaky Tales,7.2,1200,107,Action
Furiosa: A Mad Max Saga,7.5,285000,148,Action
Transformers One,7.6,50000,104,Action
Carry-On,6.5,165000,119,Action
Borderlands,4.7,48000,101,Action
Fight or Flight,6.4,6900,97,Action
The Fall Guy,6.8,220000,126,Action
The Crow,4.7,35000,111,Action
Road House,6.2,168000,121,Action
Rebel Ridge,6.8,88000,131,Action
Pushpa: The Rule - Part 2,6.1,56000,201,Action
Madame Web,4.0,101000,116,Action
The Lord of the Rings: The War of the Rohirrim,6.3,30000,134,Action
Elevation,5.6,22000,91,Action
Absolution,5.2,8100,112,Action
Bad Boys: Ride or Die,6.5,100000,115,Action
Red One,6.3,140000,123,Action
Solo Leveling: ReAwakening,8.7,12000,121,Action
Love Lies Bleeding,6.6,57000,104,Action
Argylle,5.6,92000,139,Action
Damsel,6.1,109000,110,Action
William Tell,5.7,2500,133,Action
The Union,5.4,53000,107,Action
Godzilla x Kong: The New Empire,6.0,121000,115,Action
Kingdom of the Planet of the Apes,6.9,151000,145,Action
Land of Bad,6.6,51000,113,Action
Hellboy: The Crooked Man,4.5,13000,99,Action
Kung Fu Panda 4,6.3,68000,94,Action
Werewolves,4.4,6600,93,Action
Homestead,5.3,3600,112,Action
Survive,4.5,2500,90,Action
Monkey Man,6.8,91000,121,Action
Aftermath,5.1,4000,97,Action
The Killer's Game,5.8,17000,104,Action
The Instigators,6.2,38000,101,Action
Beverly Hills Cop: Axel F,6.4,81000,118,Action
Lift,5.5,49000,107,Action
Gunner,3.2,2700,106,Action
Classified,3.7,2500,105,Action
Blitz,6.2,16000,120,Action
Uglies,4.7,33000,100,Action
Maharaja,8.4,67000,141,Action
The Killer,5.7,13000,126,Action
Old Guy,5.2,2400,94,Action
Drive-Away Dolls,5.4,23000,84,Action
Attack on Titan the Movie: The Last Attack,9.2,16000,145,Action
Thelma,7.0,22000,98,Action
Atlas,5.6,56000,118,Action
Azrael,5.4,11000,86,Action
Descendants: The Rise of Red,4.7,7000,91,Action
Arcadian,5.5,23000,92,Action
Toofan,7.4,8100,145,Action
Watchmen: Chapter I,7.0,6600,83,Action
Marco,6.8,21000,145,Action
Apocalypse Z: The Beginning of the End,6.1,20000,117,Action
Dirty Angels,4.3,3400,104,Action
Canary Black,5.3,11000,101,Action
Cash Out,4.8,3000,92,Action
Trigger Warning,4.6,19000,106,Action
Under Paris,5.2,36000,104,Action
Kalki 2898-AD,7.0,66000,180,Action
Armor,3.6,4000,89,Action
Long Gone Heroes,5.2,1100,101,Action
Trouble,6.2,6800,98,Action
Rebel Moon - Part Two: The Scargiver,5.3,59000,122,Action
Jackpot!,5.8,30000,106,Action
11 Rebels,6.3,413,155,Action
Twilight of the Warriors: Walled In,7.0,9500,126,Action
Brothers,5.4,13000,89,Action
Amaran,8.1,18000,167,Action
The Shadow Strays,6.5,9200,144,Action
Duchess,4.6,1400,114,Action
The Silent Hour,6.1,7400,99,Action
The Fix,4.6,1200,98,Action
Red Right Hand,5.5,5900,111,Action
Weekend in Taipei,5.7,4700,100,Action
Hitpig,5.1,940,86,Action
Alien: Rubicon,2.4,343,86,Action
Watchmen: Chapter II,7.0,3100,90,Action
Hounds of War,4.5,1800,95,Action
Harbin,6.2,644,108,Action
Fighter,6.2,52000,166,Action
Uprising,6.6,5600,126,Action
No Way Up,4.6,11000,90,Action
Boneyard,4.1,5000,96,Action
Role Play,5.5,19000,100,Action
Hagen,6.1,1200,139,Action
Cloud,6.3,1200,124,Action
Damaged,4.7,7300,97,Action
Bangkok Dog,4.8,198,85,Action
Megamind vs. The Doom Syndicate,2.5,5600,83,Action
Chief of Station,4.7,4600,97,Action
Take Cover,5.1,2500,90,Action
Relay,7.5,107,112,Action
The Prosecutor,6.7,1900,117,Action
Karma,7.9,1400,167,Action
Baby John,5.2,17000,159,Action
The Courier,6.0,4400,101,Action
Viduthalai Part 2,7.9,16000,170,Action
The Thundermans Return,5.0,1800,70,Action
Hanu Man,7.7,29000,158,Action
Revolver,5.4,865,114,Action
Singham Again,4.7,75000,144,Action
Justice League: Crisis on Infinite Earths - Part One,6.2,8500,93,Action
Baby Invasion,4.6,455,80,Action
My Spy: The Eternal City,5.7,11000,112,Action
Pusaka,5.2,125,90,Action
The Roundup: Punishment,6.6,5300,109,Action
Sikandar ka Muqaddar,6.0,24000,142,Action
River of Blood,5.2,1800,86,Action
Levels,5.0,1500,93,Action
Darkness of Man,4.8,3200,109,Action
The Quiet Ones,6.3,690,110,Action
One More Shot,5.4,3700,103,Action
Zero,6.2,67,88,Action
"I, the Executioner",6.4,1700,118,Action
Jigra,6.0,24000,153,Action
Prey,3.7,3300,86,Action
Devara Part 1,6.0,20000,176,Action
Justice League: Crisis on Infinite Earths - Part Three,6.1,4500,94,Action
Badland Hunters,5.9,12000,107,Action
The Last of Us: Immunity,5.5,17,64,Action
My Hero Academia: You're Next,7.0,2100,110,Action
Aavesham,7.8,28000,155,Action
London Calling,7.5,22,109,Action
Sunray: Fallen Soldier,4.3,635,115,Action
Code 8: Part II,5.7,16000,100,Action
Raqa,5.6,213,107,Action
Striking Rescue,5.7,416,106,Action
Ultraman: Rising,6.9,6400,117,Action
Demon Slayer: Kimetsu No Yaiba - To the Hashira Training,7.1,8500,104,Action
The Price of Money: A Largo Winch Adventure,5.0,1200,100,Action
Dominique,5.3,2200,100,Action
The Clean Up Crew,4.1,1200,95,Action
Utopia,3.6,363,91,Action
Officer Black Belt,6.8,8300,108,Action
Deep Six,3.4,242,94,Action
Air Force One Down,4.4,2900,84,Action
Death Whisperer 2,6.4,1400,110,Action
Dan Da Dan: First Encounter,8.2,2700,83,Action
Joe Baby,7.4,32,86,Action
The Wages of Fear,4.6,4100,104,Action
Night Call,6.8,2000,97,Action
Pani,6.9,3000,143,Action
KA,7.1,1600,151,Action
Simarik,6.5,2700,111,Action
Anaconda,4.9,636,84,Action
Cesium Fallout,6.4,698,136,Action
Dark Match,5.4,955,94,Action
Latency,4.2,2500,94,Action
Article 370,7.8,25000,158,Action
The Family Star,5.4,5500,159,Action
Life After Fighting,6.4,2000,126,Action
Kill Em All 2,4.1,1300,88,Action
One Fast Move,5.0,2200,108,Action
40 Acres,6.8,134,113,Action
Rogue Elements: A Ryan Drake Story,4.7,975,44,Action
Murder Company,3.7,1600,86,Action
Elyas,6.1,1400,105,Action
Justice League: Crisis on Infinite Earths - Part Two,5.5,5300,94,Action
Bougainvillea,6.4,3200,138,Action
200% Wolf,5.9,1300,98,Action
Savi,6.1,35000,126,Action
Handsome Guys,6.5,837,101,Action
Lights Out,4.9,1800,90,Action
Rifle Club,7.0,4300,113,Action
Angels Fallen: Warriors of Peace,4.9,5800,103,Action
The Greatest of All Time,5.7,22000,183,Action
Alienoid: The Return to the Future,6.5,2600,122,Action
Sixty Minutes,5.7,5200,88,Action
City Hunter,6.3,5600,102,Action
Vanvaas,6.6,1300,160,Action
The Twisters,2.5,339,86,Action
Panda Plan,5.1,1300,99,Action
Escape,6.4,2000,94,Action
Bloody Escape,5.6,47,100,Action
The Tiger's Apprentice,5.7,2200,84,Action
Arena Wars,4.8,2100,96,Action
Sorgavaasal,6.6,1400,138,Action
Golden Kamuy,6.3,2600,127,Action
Overlord: The Sacred Kingdom,6.9,979,135,Action
Saripodhaa Sanivaaram,7.0,9100,166,Action
Agent Recon,2.4,676,85,Action
Heart of the Hunter,4.7,2200,105,Action
Freedom,5.9,1400,110,Action
Khadaan,7.1,2100,137,Action
Agni,7.2,15000,122,Action
Paradox Effect,6.0,8600,87,Action
Operation Blood Hunt,3.5,488,93,Action
Wynonna Earp: Vengeance,5.6,1500,96,Action
Everybody Loves Jenifa,8.3,88,135,Action
The Last Kumite,4.6,2300,105,Action
Hijack 1971,6.8,3300,100,Action
Bade Miyan Chote Miyan,3.8,39000,163,Action
Die Hart: Die Harter,4.3,5500,92,Action
Outlaw,5.2,931,82,Action
Sheriff,6.9,1100,133,Action
Kahar: Kapla High Council,6.9,464,102,Action
Kanguva,4.5,15000,152,Action
How to Rob a Bank,6.6,4200,88,Action
Bad Boyz,3.4,678,150,Action
Guntur Karam,5.4,25000,159,Action
Yodha,5.7,8800,130,Action
A.R.M,7.1,8700,150,Action
Hellhound,4.3,507,103,Action
Tales Beyond the Galaxy,4.7,181,76,Action
Devil's Knight,5.2,891,90,Action
72 Hours,4.1,287,87,Action
Nice Girls,4.2,1200,92,Action
A Legend,4.7,907,129,Action
Black Heat,8.6,118,93,Action
Bonnie,7.4,36,120,Action
Vettaiyan,7.0,39000,163,Action
The Hangman,3.3,1000,92,Action
Continental Split,3.6,546,88,Action
Chandu Champion,7.8,34000,142,Action
Mahadev Ka Gorakhpur,7.6,389,131,Action
Fight Another Day,4.9,353,97,Action
Wanted Man,4.8,2600,85,Action
Ferry 2,5.6,3800,94,Action
Ryan's World the Movie: Titan Universe Adventure,1.8,693,80,Action
12 to Midnight,3.6,284,96,Action
The Last Front,5.5,611,98,Action
Bagheera,6.7,7400,158,Action
The Lockdown,4.3,610,117,Action
WWII: Operation Phoenix,6.2,76,106,Action
Alien Country,4.4,364,96,Action
Snow White and the Seven Samurai,3.2,297,88,Action
War of the Worlds: Extinction,3.0,207,84,Action
Raayan,6.5,11000,145,Action
Sobanggwan,5.7,197,106,Action
Thangalaan,6.6,6600,156,Action
Drive Back,4.7,311,94,Action
Vedaa,6.0,4300,145,Action
Cells at Work!,6.7,234,109,Action
Rats!,6.5,125,85,Action
Jacob Tyler,4.3,59,133,Action
Dirty Money,5.6,136,100,Action
"Love, Courage and the Battle of Bushy Run",5.0,183,113,Action
Bionic,4.3,1700,110,Action
Max,7.1,3400,132,Action
The Ballad of Davy Crockett,4.6,248,96,Action
Mura,7.3,6300,129,Action
Auron Mein Kahan Dum Tha,6.5,41000,150,Action
Shark Warning,3.4,270,94,Action
Terminator: Skynet Rising,6.7,267,88,Action
Citizen of a Kind,6.7,824,114,Action
Escape from the 21st Century,6.5,885,98,Action
Art of Eight Limbs,4.0,316,101,Action
Kingdom 4: Return of the Great General,7.1,1300,145,Action
Invasion,4.8,680,91,Action
Get Fast,3.7,458,88,Action
Eagle,5.9,4900,159,Action
Mission: Cross,6.1,2600,105,Action
Indian 2,3.8,16000,0,Action
Sunset Superman,6.0,154,81,Action
GTMax,5.0,1200,100,Action
Bhaiyya Ji,4.8,7400,150,Action
School of Magical Animals 3,5.8,315,105,Action
Naam,6.3,277,136,Action
Virunnu,7.3,886,125,Action
The Friendly,8.1,15,101,Action
Yolo,6.9,3700,129,Action
Operation Undead,4.6,405,110,Action
Stuntman,6.9,169,114,Action
5 Pounds of Pressure,6.7,16,111,Action
Roadkill,3.7,682,90,Action
The Bouncer,4.2,90,78,Action
Conquer: Lahad Datu,6.6,515,120,Action
Cassino in Ischia,4.4,242,113,Action
Martin,2.2,36000,147,Action
Big City Greens the Movie: Spacecation,6.2,542,83,Action
Pimpinero: Blood and Oil,5.6,551,121,Action
Tillu Square,6.6,3400,137,Action
The Last Ronin,4.9,575,115,Action
Hunting with Tigers,5.6,536,109,Action
Six jours,6.4,103,95,Action
Snatched,4.9,209,101,Action
Sons of Rizk 3,6.7,1700,125,Action
Warrior Awang and Master Tok Gajah,4.6,476,118,Action
Nothing Even Matters,5.5,77,90,Action
Taken from Rio Bravo,3.0,315,80,Action
Crakk - Jeethegaa Toh Jiyegaa!,4.7,6500,154,Action
No Time to Spy: A Loud House Movie,6.4,449,81,Action
American Warrior,8.7,24,89,Action
Dharmarakshak Mahaveer Chhatrapati Sambhaji Maharaj,8.1,660,174,Action
Ka Whawhai Tonu,7.3,179,115,Action
Troubleshooters,6.5,417,110,Action
I Heart Robots,4.6,2400,76,Action
The Charisma Killers,6.2,658,101,Action
Yudhra,5.0,13000,142,Action
Orang Ikan,6.7,34,83,Action
UI,6.8,5700,135,Action
Je jatt Vigarh gya,5.6,825,132,Action
Spiders on a Plane,5.1,372,78,Action
The Moon Thieves,6.1,253,108,Action
Deaner '89,5.9,419,90,Action
Barroz,3.5,1000,155,Action
Nu Huo 12 Xiao Shi,6.1,48,86,Action
Non Negotiable,5.4,1200,87,Action
Big Rage,3.6,166,115,Action
Customs Frontline,5.4,490,115,Action
Agents,3.4,933,82,Action
Sasan,8.7,72,155,Action
Razakar: The Silent Genocide of Hyderabad,7.4,5300,166,Action
Tiger's Trigger,4.2,18,84,Action
S.T.A.L.K.E.R.: Shadow of the Zone,5.1,468,72,Action
Garudan,7.1,3300,133,Action
Mongol,8.6,95,155,Action
Ghost Killer,7.0,76,105,Action
Checkmate,4.3,390,104,Action
Rajakili,6.8,585,122,Action
Crisis Negotiators,6.7,717,120,Action
Baby Assassins: Nice Days,7.3,305,103,Action
Lady Scorpions,3.6,367,101,Action
The Kingdom,7.9,89,133,Action
Mirza: Part 1 - Joker,6.8,241,165,Action
Love You to Debt,6.2,759,135,Action
Mr. Bachchan,3.6,5300,150,Action
The Experts,6.1,279,121,Action
Black Creek,7.3,8,116,Action
Go for Broke,5.7,272,115,Action
Babu,7.4,184,142,Action
Mu zhong wu ren 2,6.6,506,90,Action
Crosspoint,6.7,42,100,Action
Ayalaan,6.0,4000,155,Action
Iron Fighter,3.6,64,80,Action
The Day Everything Changed,8.0,80,97,Action
Lal Salaam,4.5,1300,150,Action
Midas,4.7,340,85,Action
Mobile Suit Gundam SEED Freedom,6.6,952,124,Action
Paradise,6.9,78,83,Action
Rendel: Cycle of Revenge,3.6,245,99,Action
(Pri)sons,5.0,273,100,Action
Breaking and Re-entering,5.8,443,109,Action
The Plot,4.8,382,100,Action
Baki Hanma VS Kengan Ashura,5.7,1900,62,Action
Umro Ayyar - A New Beginning,6.9,675,135,Action
Purushothamudu,5.2,2200,120,Action
Bidurbhai,9.2,380,148,Action
Aserb: The Squadron,5.2,307,120,Action
Sikaar,8.3,677,150,Action
6 Hours Away,3.9,246,93,Action
Kizumonogatari: Koyomi Vamp,7.0,89,144,Action
Harom Hara,6.6,3000,154,Action
Gandhi 3,5.5,239,143,Action
Yuva,5.8,837,153,Action
Appudo Ippudo Eppudo,4.7,231,120,Action
Hit List,5.5,313,125,Action
Road Wars: Max Fury,2.0,350,83,Action
Ruslaan,3.3,1200,120,Action
Malayalee from India,5.6,5000,160,Action
Fighting the Fire,8.5,1700,115,Action
Bangkok Breaking: Fa Narok Mueang Thewada,5.8,667,146,Action
Star Abyss,3.8,247,86,Action
Siren,6.4,2900,154,Action
Sabari,6.5,5400,129,Action
They Call Her Death,6.8,28,92,Action
Bachhala Malli,8.3,3900,140,Action
Correr para Vivir,7.0,197,97,Action
The Heist,6.9,2000,120,Action
Anunnakiler,2.5,451,76,Action
First Nights at Freddy's,9.3,16,98,Action
Hunt the Wicked,5.3,113,102,Action
Malaikottai Vaaliban,6.0,4100,156,Action
Bureau 749,4.0,532,123,Action
Double iSmart,2.9,2100,156,Action
Samandar,7.7,140,172,Action
Operation Valentine,5.3,1400,133,Action
Yi ren zhi xia,5.2,208,134,Action
Alangu,8.1,1200,131,Action
The Actor,3.4,733,128,Action
Drive,5.6,333,90,Action
Kondal,5.3,774,147,Action
Clownface 3,9.0,36,104,Action
My Fathers' Daughter,6.7,74,78,Action
The Lost Tiger,7.9,45,90,Action
Bohurupi,8.3,1400,155,Action
The Epidemic,5.7,72,95,Action
The Unbreakable Bunch,7.2,26,0,Action
12 Gaun,6.3,884,147,Action
Fyre Rises,6.5,322,110,Action
Bhaje Vaayu Vegam,6.1,555,136,Action
Shark Island,3.2,115,81,Action
Telekinesis,5.9,60,106,Action
Buddy,3.8,346,137,Action
Die Chaosschwestern und Pinguin Paul,5.7,67,100,Action
Memes & Nightmares,5.7,85,81,Action
Zebra,7.2,3200,164,Action
Camp Blood: Clown Shark,3.3,87,70,Action
Jorge da Capadócia,6.4,131,119,Action
Nintama Rantaro Dokutake Ninja-tai Saikyou no Gunshi,7.0,20,90,Action
Turbo,5.9,3600,155,Action
Captain Miller,6.5,8600,157,Action
Where Is Gilgamesh?,9.0,607,90,Action
Mazhai Pidikatha Manithan,4.5,424,133,Action
Game On,5.3,2300,140,Action
Hitler,5.2,305,128,Action
Por,5.1,615,154,Action
Prepare to Die,4.6,235,93,Action
Red vs. Blue: Restoration,5.6,137,85,Action
Tòkunbò,3.9,296,113,Action
Sucha Soorma,6.4,918,136,Action
Mummy Shark,2.0,178,66,Action
Buying Time,6.2,420,84,Action
Ship of the Damned,2.8,298,88,Action
Bull Shark 2,2.9,159,75,Action
Ghosts of Red Ridge,3.3,158,81,Action
Taklee Genesis x Worlds Collide,5.4,409,146,Action
Bastar: The Naxal Story,6.4,3300,124,Action
The Mick and the Trick,4.9,76,96,Action
Mission: Chapter 1,5.9,1700,144,Action
Ameena,6.4,19,107,Action
Spirit Riser,6.7,33,98,Action
Touchdown,6.8,14,78,Action
Speed 220,6.8,1000,114,Action
Echo 8,3.9,199,96,Action
The Desperate Chase,5.5,60,110,Action
The Omicron Killer,2.9,596,98,Action
Sayen: The Huntress,4.4,255,88,Action
Agastya - Chapter 1,6.9,597,168,Action
Matka,4.7,585,156,Action
Gangs of Godavari,5.0,909,165,Action
Ame no naka no yokujô,5.9,75,132,Action
Losing Lerato 2,9.1,34,96,Action
Kung Fu Games,3.3,381,98,Action
Diabel,5.1,249,108,Action
Shu Si Yi Bo,6.7,33,91,Action
Guy Manley: Super Spy,4.4,117,92,Action
Ballistic,2.2,161,95,Action
The Circuit 4: Faith Fighter,4.3,89,90,Action
Xiong Shi Shao Nian 2,7.5,203,134,Action
DNA,5.1,210,156,Action
The Last Chainsaw Massacre,3.8,41,75,Action
Vixen,6.7,91,88,Action
Young Lion of the West,5.2,108,93,Action
Sunfall,2.3,37,74,Action
Onsen shâku,5.9,32,70,Action
Panjab Files,8.2,20,117,Action
Mathu Vadalara 2,7.0,1700,139,Action
Clone Cops,7.1,199,96,Action
Saindhav,5.1,1600,138,Action
Blade of Fury,6.1,125,90,Action
Jathara,7.8,1100,129,Action
How to Make a Werewolf,5.9,139,0,Action
Mutant,4.5,59,90,Action
High Forces,5.7,529,119,Action
Bonus Trip,4.5,226,113,Action
Formed Police Unit,4.6,477,120,Action
Sous écrous,5.4,35,111,Action
Tokusou Sentai Dekaranger 20th: Fireball Booster,7.0,33,50,Action
The Infallibles,4.8,754,99,Action
Dange,5.3,794,154,Action
Transformers Prime: Galavatron's Revenge,3.7,9,104,Action
Raju Gari Ammayi Naidu Gari Abbayi,8.2,3100,158,Action
Kill Craft,2.4,365,99,Action
24 Hours to D-Day,4.6,36,83,Action
Rebel,3.1,65,100,Action
Thundu,5.0,906,125,Action
The Grey Men,6.4,70,97,Action
Marni: The Story of Wewe Gombel,5.9,213,119,Action
The Wild Blade of Strangers,6.2,113,102,Action
Oru Anveshanathinte Thudakkam,7.1,830,181,Action
Black Storm,6.6,64,97,Action
Dragon Ball Kai: Doragon Bôru Kai,8.5,71,82,Action
Bhairadevi,8.7,49,134,Action
The Miranda Brothers,4.4,190,99,Action
Ape X Mecha Ape: New World Order,2.8,135,87,Action
Jithender Reddy,7.5,2400,136,Action
Kali,5.1,418,96,Action
Shekko,6.0,564,120,Action
In Tenebras: Into the Darkness,3.3,174,90,Action
Indrani: Epic-1 Dharam vs Karam,7.6,1100,157,Action
Dreams,7.6,8,106,Action
Karma,4.5,17,111,Action
Sector 17,5.5,1300,146,Action
Gam Gam Ganesha,5.3,310,140,Action
Serra das Almas,6.3,10,120,Action
Devaki Nandana Vasudeva,6.5,2700,128,Action
Thug in a Suit,5.9,144,100,Action
Athhoi,8.0,134,158,Action
Kadakan,4.0,112,128,Action
Gold Raiders,2.0,183,88,Action
Soodhu Kavvum 2: Naatum Naatu Makkalum,3.7,202,129,Action
Bandaa Singh Chaudhary,6.3,5200,113,Action
Texas Twister,2.5,158,88,Action
Captain Avispa,5.8,177,96,Action
Kamen Rider 555 20th: Paradise Regained,5.9,142,65,Action
Death Game,6.3,24,88,Action
Akabane Honeko no Bodyguard,5.9,40,117,Action
Saint Young Men: Holy Men vs Demon Army,3.0,13,93,Action
Bond: Kizuna,6.2,18,92,Action
Hell city,9.1,27,90,Action
Next to Us,4.8,223,125,Action
The Vampire and the Vigilante,3.6,51,75,Action
Rang De Basanti,8.8,145,174,Action
Polar,4.4,29,76,Action
Gekijoban kimi to sekai ga owaru hi ni final,6.3,38,115,Action
The Alexandrian,3.8,254,104,Action
Shadows of Betrayal: Chronicles of Ian Blair,7.3,12,65,Action
Hiranya,5.6,20,138,Action
London Gangsters,4.3,11,104,Action
SCP: The Infinite Mission,6.0,32,0,Action
Too Little Too Late,5.5,8,66,Action
Lisabi: The Uprising,6.1,125,107,Action
Uninvited,6.5,77,93,Action
Türkler Çildirmis Olmali 2: Mavi Vatan,2.2,157,100,Action
Fûto Tantei: Kamen Rider Skull no Shôzô,7.5,42,82,Action
Dark Fusion,8.5,235,90,Action
Neon Fear,5.8,549,40,Action
Reloaded 2,7.7,1100,45,Action
The Evil Three,6.7,990,30,Action
Sumaho o otoshita dake na no ni: Saishusho Final Hacking Game,7.4,20,116,Action
Hrashwo Deergha,8.0,82,150,Action
The Slave and the Sorcerer,6.7,40,86,Action
Revenge,1.5,41,127,Action
Gone with the Dead the Movie,4.4,47,96,Action
Anchakkallakokkan,6.6,1000,126,Action
Megdan: Between Water and Fire,5.4,723,106,Action
Chasing Raine,2.3,187,101,Action
Pottel,8.2,2700,148,Action
Marine Drive,9.5,50,105,Action
Toemalog,7.2,97,85,Action
Weapon,5.5,5500,120,Action
Tariq,6.2,18,122,Action
Sentimentaaal,5.6,976,135,Action
What Happens in Miami,4.3,220,90,Action
Mechanic Rocky,6.4,3500,156,Action
Dünya Mali: Eksi Bir,7.2,17,133,Action
Saala,5.7,1100,130,Action
Viswam,4.2,642,155,Action
Deadzone,4.1,35,80,Action
Stranded Pearl,6.0,27,90,Action
Bhimaa,5.1,1200,141,Action
Bloodline,9.2,49,80,Action
Pranaya Godari,7.8,2400,148,Action
Witch Hunter,5.3,24,80,Action
Sacrum Vindictae II,4.5,13,114,Action
Permafrost,5.7,114,80,Action
South Side Hero,5.4,36,92,Action
Yakuza Girl,2.3,66,82,Action
Genis Aile 4: Cevahir & Ulvi,7.0,54,90,Action
Lie Zhan,6.9,66,93,Action
Gravediggers,6.4,29,91,Action
Brattt,4.7,67,117,Action
Chong jian tian ri,6.8,48,105,Action
Komandir,6.4,521,131,Action
Spider-Man: Final Swing,8.4,10,153,Action
Purushothamudu,7.4,13,120,Action
Major Grom: The Game,6.1,1800,168,Action
The Captives,3.5,66,73,Action
Kuang Bao Ju Xi,6.0,71,75,Action
Wandafuru Purikyua! Za mubi! Doki Doki Game no Sekai de Daiboken,7.0,35,71,Action
Kamen Rider Gotchard: The Future Daybreak,7.9,71,63,Action
Cholo Zombies,4.6,103,96,Action
Average Student Nani,7.5,2200,138,Action
Rob N Roll,6.1,1500,98,Action
Usha Parinayam,9.0,2100,144,Action
Itutumba ka ng tatay ko,5.7,29,109,Action
Rathnam,5.4,3700,155,Action
Emanet,7.9,31,97,Action
Bheema,5.8,952,148,Action
Petta Rap,4.0,1700,123,Action
Pariah Volume 1: Every Street Dog Has a Name,6.9,388,138,Action
Dark World,4.6,15,135,Action
The Burden of Nine Lives,4.7,101,116,Action
Pushpaka Vimana,5.6,16,137,Action
The Worlds Divide,8.1,39,120,Action
Mega Twisters,2.5,52,75,Action
Dhaaak,8.6,24,128,Action
Zénithal,5.5,84,80,Action
"Bullets, Brothers and Blood",7.8,15,85,Action
September Babies,5.8,289,94,Action
Death Bitch,7.2,20,88,Action
The Yoshi Movie,7.7,12,105,Action
Angel of the Warrior,8.5,134,90,Action
Kamen Rider Geats: Jyamato Awakening,7.9,75,54,Action
Aho Vikramaarka,7.4,54,136,Action
Villain - Life of a Gangster,8.9,156,141,Action
Warning 2,7.1,887,125,Action
Holy Punch,5.2,48,98,Action
Iddaru,8.8,297,148,Action
Ultraman Blazar the Movie: Tokyo Kaiju Showdown,7.5,86,75,Action
The Escapee 3: The Final Escape,2.6,64,83,Action
Pungut,6.7,11,100,Action
Hain,2.9,45,95,Action
Rode College,6.6,429,168,Action
Roxana,3.8,66,98,Action
Neo-Dome,6.7,17,15,Action
Artist Unknown,8.7,17,82,Action
Naa Saami Ranga,4.5,1200,150,Action
GATAO: Like Father Like Son,6.8,70,100,Action
Inanimate Insanity II: The Movie,8.4,231,106,Action
Rocky and Bullwinkle,9.2,13,100,Action
Crypto Storm,4.8,34,101,Action
Raktaksha,8.2,1400,118,Action
Raanti,6.6,1100,115,Action
Election,5.9,809,120,Action
Chaari 111,4.8,258,130,Action
Hakkenden,5.8,75,149,Action
Dr. Jason II - Lights & Shadows,4.9,328,62,Action
Played,6.2,11,96,Action
Naag Bhoomi,5.7,8,130,Action
Thankamani,4.6,229,156,Action
Breaking Tradition,6.9,26,87,Action
Thiragabadara Saami,6.4,96,115,Action
Abudeka Is Back,5.3,34,120,Action
Abnormal: Buas,5.6,26,90,Action
Krishnamma,6.2,366,138,Action
"Silex and the City, le film",4.9,50,77,Action
Slide or Die the Movie,9.2,8,127,Action
Appu,8.6,181,92,Action
Hide and Seek,8.0,55,130,Action
Killer Ex,3.9,52,94,Action
Nenu Keerthana,8.9,2100,155,Action
Haraa,5.4,2900,136,Action
Mother Mafia,3.3,49,80,Action
Shri Swapankumarer Badami Hyenar Kobole,5.6,324,146,Action
Anthima Theerpu,7.0,1500,133,Action
Charlotte Link - Ohne Schuld,5.5,41,89,Action
Sarangadhariya,8.4,3100,150,Action
Blocking the Horse,5.8,14,94,Action
Nothing Unusual,9.7,12,92,Action
The Mystery of Humanoid Puppet,6.7,61,88,Action
Kido senshi Gandamu: Ginhai no Gen'ei,6.1,13,90,Action
Nasha Jurm Aur Gangsters,6.6,2600,137,Action
The SML YTP Movie 2: Dimension Trouble,8.3,13,94,Action
Happy Dragons,4.9,9,97,Action
Surge of Power: Where There's Smoke,6.5,13,68,Action
Joshua: Imai Pol Kaka,4.5,587,130,Action
Ajay Gadu,7.1,1000,108,Action
Di Renjie: Tongtian xuan an,7.2,16,85,Action
Rock 'n' Roll Ringo,6.3,54,101,Action
Reeza GTR,7.4,14,91,Action
Snowstorm,4.5,6,91,Action
Cândido,6.3,61,99,Action
Chhota Bheem and the Curse of Damyaan,4.8,2300,145,Action
Dou Po Cangqiong 3: Chu E,4.7,8,81,Action
Supplier Shankara,9.3,71,163,Action
Shockwaves 2,2.8,148,79,Action
Wilhelm Gustloff,8.7,8,110,Action
Chinatown Chacha,5.1,56,103,Action
Surrender,7.8,15,149,Action
Bullet,9.0,569,131,Action
E-mail,5.4,805,119,Action
Kill the Children first,7.8,26,106,Action
Inkabi,4.7,79,101,Action
Joy Hanu Man,8.9,25,143,Action
The Bodyguard,6.6,30,87,Action
Bloodlust,8.2,11,97,Action
Lorry Chapter-1,5.7,2400,183,Action
Joachim and the Apocalypse,7.2,13,90,Action
Operation Star,7.7,24,102,Action
El Duro,5.4,14,90,Action
Mercy Killing,8.7,2700,131,Action
Dangerous Boys 2,5.1,9,115,Action
Be Forever Yamato: Rebel 3199: Part 1: Dark Invasion,7.0,9,50,Action
Operation Wakaliga: Fate and Blood,6.7,11,66,Action
Zoloto Umalty,4.9,109,109,Action
Yao Shen Ling,6.7,66,93,Action
Ugravatara,7.9,552,122,Action
Hope & Glory,6.6,145,44,Action
Kiyma: Orman Kanunlari,4.5,36,81,Action
Jigar,7.1,18,122,Action
Jurassic Exorcist,3.8,23,76,Action
The Dragon's Tomb,6.8,52,77,Action
Codename: Devil,5.4,5,104,Action
Zhi Bao,5.7,17,100,Action
Halloween: Mal Eterno,8.2,224,50,Action
Kreem,6.8,128,115,Action
Opportunity,8.9,91,96,Action
Kohinoor,8.1,22,119,Action
Prisionera del lente,4.9,69,0,Action
Vey Dharuvey,6.4,2300,127,Action
Mirg,6.1,36,83,Action
The Very Last Christmas,8.5,12,75,Action
Sith Wars: Episódio III - Fantasmas Dos Sith,8.6,114,99,Action
Inherited,9.5,21,76,Action
Zui hou yi quan,5.6,15,107,Action
The Delegator,4.2,17,96,Action
Skhvatka,5.2,23,107,Action
Leoi jing ngoi hap,3.2,19,83,Action
Hua qian gu,3.9,26,97,Action
The Correct Way of Youth,9.3,782,90,Action
Achilles Curse and the Curse of Treasure,7.4,25,125,Action
Hocus Focus,7.9,19,85,Action
Dhil Raja,8.7,136,106,Action
Raja 420,6.1,21,81,Action
The Bottom Line,6.5,12,107,Action
Ohsama Sentai King-Ohger vs. Donbrothers,6.8,37,26,Action
Combat Code: Hunt,7.4,17,76,Action
Big Brother,8.5,2000,115,Action
Kaveri,6.5,1500,101,Action
Common Creed: Trafficking,6.7,8,106,Action
Give Me Babies,6.7,6,23,Action
Agent 86,6.7,6,87,Action
Gull Lake Vice II: The Delusion Continues,8.2,16,58,Action
Usire Usire,7.5,1100,151,Action
Janna Endoro,8.1,15,120,Action
Dead Hand,4.1,75,92,Action
Firework,6.2,13,60,Action
Day of the Diesels,7.7,10,100,Action
Kaale Angrej,5.5,17,131,Action
Po zhan,2.4,14,86,Action
Klaantha,6.2,518,107,Action
Mavr,7.5,6,83,Action
Premalo,7.3,1100,128,Action
Dheera,7.9,1300,123,Action
Mr. Natwarlal,7.6,779,130,Action
Me and the Dragon's Daughter,5.2,10,75,Action
Heavens: The Boy and His Robot,6.3,22,98,Action
Max Beyond,6.6,17,93,Action
Gally Gang Stars,9.0,2000,157,Action
Rudra: The Beginning,9.4,38,135,Action
Seetha Kalyana Vaibhogame,8.6,2000,146,Action
Rooban,6.5,281,125,Action
Sathyam,7.3,8,134,Action
Vorovka,4.8,51,90,Action
Death Game,5.2,14,87,Action
Kade,6.7,16,92,Action
Atu Nuvve Itu Nuvve,6.5,12,123,Action
Lolipop Gang,3.6,6,90,Action
Useful Idiots,8.3,19,92,Action
The Deal,8.5,26,130,Action
Re Xue Ran Shao,4.2,18,113,Action
Opasni shmatki,5.3,30,92,Action
Vi possiamo salvare,2.7,103,89,Action
Seven Heroes Beat the Monster,6.8,51,89,Action
Jiwa 8 Belas,5.0,19,86,Action
Gintama the Movie 2D: Courtesan of the Nation Arc,7.8,6,109,Action
Riddle of the Shadow Lotus,6.3,53,92,Action
AK47,7.2,14,146,Action
Battling to Survive,7.0,53,74,Action
Guxim,7.7,34,75,Action
Leha,2.3,42,98,Action
Guns Blazin,7.1,9,88,Action
The ShortCut,7.7,1800,138,Action
SMB-plush presents trick or death,8.8,16,120,Action
La Tamalera,8.2,9,115,Action
Roudhra Rupaya,7.6,2000,132,Action
Dirty Fellow,6.9,3800,119,Action
Dheera Bhagat Roy,8.6,1100,150,Action
Tranquility: Ghost Stories,7.6,53,88,Action
Vingança De Sangue: Blood Vendetta,7.7,236,90,Action
The Winter Prophecy,7.9,13,52,Action
Three Old Captors,7.0,50,94,Action
Oversteer,4.9,18,86,Action
A Reel Heist,5.2,58,116,Action
StarGazer: The Need of the Many,5.0,9,47,Action
No Man Standing,8.6,11,93,Action
Kallu Compound 1995,8.0,2000,140,Action
Yentha Panichesav Chanti,9.5,85,135,Action
Urban Vengeance,5.2,11,79,Action
Travesty,6.4,5,78,Action
Kyle and the Last Emerald 2,8.4,7,15,Action
Krapiva: Tsvetok smerti,6.1,56,81,Action
Best Cop Ever,4.3,49,122,Action
Daanvi,1.7,7,117,Action
The Mirage,8.9,10,106,Action
War with the Evil,6.3,52,85,Action
Passazhiry,4.5,32,80,Action
The Domino File,4.7,7,102,Action
Cholay,8.6,56,60,Action
Isle: Alpha One,8.4,7,97,Action
Out of the Shadow,6.5,6,89,Action
"La Protegida, La Película",9.3,16,67,Action
Pithala Maathi,7.6,848,140,Action
Bad Ass Sista,6.9,8,80,Action
PW V: Tears of the Fallen,8.2,11,60,Action
Full Clip for a Snitch,3.9,18,75,Action
S-99,8.7,2100,119,Action
El Junior Del Patron,7.4,10,92,Action
Xiao zi,3.5,12,101,Action
Drunken Swordsman,6.7,50,91,Action
Sehnsucht nach Firdaws,8.5,6,103,Action
Los Hijos De Camelia y Emilio,6.4,27,82,Action
Sesh Bazi,6.2,10,132,Action
The End of Hen,9.8,10,67,Action
Anti-Drug Operation,6.8,5,79,Action
Jisu bosha,6.8,52,87,Action
The Overseas Killer,6.4,52,104,Action
The Kills,8.8,9,70,Action
Jimmy's Friends,7.0,11,94,Action
El Cartel De Teresa,8.0,9,96,Action
The Vent,8.9,14,3,Action
Kyle and the Last Emerald,5.5,18,20,Action
Captain Superb and the Angel of Destiny,3.3,14,120,Action
Faster: Only one lap,7.1,23,90,Action
Mahserin Üç Delisi,5.9,16,78,Action
Lealtad o Morir,8.2,9,87,Action
Siete Vidas - El Levanton,9.6,5,45,Action
Las Hermanas Del Cartel,8.2,5,91,Action
Piri Reis: The Incredible Chart,6.9,22,138,Action
Duelo De Capos,6.3,27,83,Action
Luna de Hiel,5.8,19,83,Action
Bring Back the Colour,5.9,7,47,Action
Spider-Man: Dimension Rift,8.4,13,127,Action
Zen Fist,7.2,8,45,Action
Killer Lee,1.9,9,87,Action
Mandya Haida,6.2,236,139,Action
Anger,8.8,18,83,Action
Gadha17,8.0,11,90,Action
Runnin' from Wolves,7.2,10,133,Action
Bush Knife,7.0,7,90,Action
Whispers of the Imperial City,6.8,53,90,Action
Jefa De Jefas,8.2,9,82,Action
Mufasa: The Lion King,6.6,63000,118,Adventure
Twisters,6.5,168000,122,Adventure
Gladiator II,6.5,229000,148,Adventure
Moana 2,6.6,102000,100,Adventure
Flow,7.9,74000,85,Adventure
Sonic the Hedgehog 3,6.9,59000,110,Adventure
Kraven the Hunter,5.5,54000,127,Adventure
Deadpool & Wolverine,7.6,491000,128,Adventure
Paddington in Peru,6.7,21000,106,Adventure
Dune: Part Two,8.5,624000,166,Adventure
Venom: The Last Dance,6.0,117000,110,Adventure
The Count of Monte-Cristo,7.6,34000,178,Adventure
Freaky Tales,7.2,1200,107,Adventure
Furiosa: A Mad Max Saga,7.5,285000,148,Adventure
Transformers One,7.6,50000,104,Adventure
Borderlands,4.7,48000,101,Adventure
The Return,6.2,8500,116,Adventure
Despicable Me 4,6.2,65000,94,Adventure
The Day the Earth Blew Up: A Looney Tunes Movie,7.0,4100,91,Adventure
Madame Web,4.0,101000,116,Adventure
Inside Out 2,7.5,216000,96,Adventure
The Lord of the Rings: The War of the Rohirrim,6.3,30000,134,Adventure
Bad Boys: Ride or Die,6.5,100000,115,Adventure
Red One,6.3,140000,123,Adventure
Solo Leveling: ReAwakening,8.7,12000,121,Adventure
Love Lies Bleeding,6.6,57000,104,Adventure
Damsel,6.1,109000,110,Adventure
Godzilla x Kong: The New Empire,6.0,121000,115,Adventure
Ghostbusters: Frozen Empire,6.1,93000,115,Adventure
Kingdom of the Planet of the Apes,6.9,151000,145,Adventure
Spaceman,5.7,43000,107,Adventure
Kung Fu Panda 4,6.3,68000,94,Adventure
Survive,4.5,2500,90,Adventure
Uglies,4.7,33000,100,Adventure
The Garfield Movie,5.7,24000,101,Adventure
My Penguin Friend,6.7,5200,97,Adventure
Harold and the Purple Crayon,5.7,8300,90,Adventure
Attack on Titan the Movie: The Last Attack,9.2,16000,145,Adventure
Atlas,5.6,56000,118,Adventure
Descendants: The Rise of Red,4.7,7000,91,Adventure
Monster Summer,5.7,3700,97,Adventure
Wallace & Gromit: Vengeance Most Fowl,7.5,34000,82,Adventure
Kalki 2898-AD,7.0,66000,180,Adventure
Spellbound,5.5,7400,109,Adventure
Arthur the King,7.0,34000,107,Adventure
Night of the Zoopocalypse,6.0,646,91,Adventure
Rebel Moon - Part Two: The Scargiver,5.3,59000,122,Adventure
Hitpig,5.1,940,86,Adventure
Thelma the Unicorn,5.7,2900,93,Adventure
Family Pack,5.5,9100,94,Adventure
The Best Christmas Pageant Ever,6.8,6100,99,Adventure
No Way Up,4.6,11000,90,Adventure
Buffalo Kids,6.6,691,93,Adventure
Megamind vs. The Doom Syndicate,2.5,5600,83,Adventure
The Unholy Trinity,7.9,53,93,Adventure
Orion and the Dark,6.3,17000,93,Adventure
Bookworm,6.0,1900,103,Adventure
Lost on a Mountain in Maine,6.1,1200,98,Adventure
The Goat Life,7.1,47000,173,Adventure
Winner,6.5,2500,103,Adventure
The Courier,6.0,4400,101,Adventure
Sasquatch Sunset,5.4,5400,88,Adventure
Hanu Man,7.7,29000,158,Adventure
Justice League: Crisis on Infinite Earths - Part One,6.2,8500,93,Adventure
River of Blood,5.2,1800,86,Adventure
"I, the Executioner",6.4,1700,118,Adventure
Justice League: Crisis on Infinite Earths - Part Three,6.1,4500,94,Adventure
Badland Hunters,5.9,12000,107,Adventure
The Last of Us: Immunity,5.5,17,64,Adventure
My Hero Academia: You're Next,7.0,2100,110,Adventure
That Christmas,6.8,17000,91,Adventure
Raqa,5.6,213,107,Adventure
Ultraman: Rising,6.9,6400,117,Adventure
Demon Slayer: Kimetsu No Yaiba - To the Hashira Training,7.1,8500,104,Adventure
The Price of Money: A Largo Winch Adventure,5.0,1200,100,Adventure
Manjummel Boys,8.2,27000,135,Adventure
Something in the Water,4.1,4700,86,Adventure
Woody Woodpecker Goes to Camp,4.5,2600,100,Adventure
No Chains No Masters,6.4,541,98,Adventure
The Wages of Fear,4.6,4100,104,Adventure
Saving Bikini Bottom: The Sandy Cheeks Movie,3.7,3900,82,Adventure
The Empire,5.2,1200,110,Adventure
Anaconda,4.9,636,84,Adventure
Doraemon the Movie: Nobita's Earth Symphony,6.6,1500,115,Adventure
Cult Killer,4.8,2800,105,Adventure
Chuck Billy and the Marvelous Guava Tree,7.5,1000,90,Adventure
Dragonkeeper,5.7,1700,98,Adventure
Justice League: Crisis on Infinite Earths - Part Two,5.5,5300,94,Adventure
Eat the Night,6.1,483,106,Adventure
200% Wolf,5.9,1300,98,Adventure
Angels Fallen: Warriors of Peace,4.9,5800,103,Adventure
Sixty Minutes,5.7,5200,88,Adventure
Saint-Exupéry,5.5,318,98,Adventure
The Twisters,2.5,339,86,Adventure
Escape,6.4,2000,94,Adventure
The Tiger's Apprentice,5.7,2200,84,Adventure
Golden Kamuy,6.3,2600,127,Adventure
Overlord: The Sacred Kingdom,6.9,979,135,Adventure
"Bambi, l'histoire d'une vie dans les bois",5.7,173,78,Adventure
Operation Blood Hunt,3.5,488,93,Adventure
Panda Bear in Africa,5.5,347,84,Adventure
Autumn and the Black Jaguar,5.6,1000,100,Adventure
Bade Miyan Chote Miyan,3.8,39000,163,Adventure
Gaami,6.4,2000,147,Adventure
Crayon Shin-chan: Ora's Dinosaur Diary,6.4,353,106,Adventure
Kanguva,4.5,15000,152,Adventure
Unspeakable: Beyond the Wall of Sleep,6.1,52,90,Adventure
A.R.M,7.1,8700,150,Adventure
The Sloth Lane,5.6,206,90,Adventure
Mountain Boy,8.3,22,93,Adventure
Rebellious,6.0,195,94,Adventure
Devil's Knight,5.2,891,90,Adventure
A Legend,4.7,907,129,Adventure
The Last Redemption,6.5,3500,122,Adventure
The Firing Squad,5.1,5000,93,Adventure
Man and Witch: The Dance of a Thousand Steps,5.5,332,94,Adventure
Elli and the Ghostly Ghost Train,5.1,99,86,Adventure
WWII: Operation Phoenix,6.2,76,106,Adventure
War of the Worlds: Extinction,3.0,207,84,Adventure
Lumina,2.1,672,113,Adventure
Thangalaan,6.6,6600,156,Adventure
Cells at Work!,6.7,234,109,Adventure
Noah's Ark,4.3,660,96,Adventure
Dongeng Sang Kancil,6.7,173,99,Adventure
Planetquake,3.0,307,85,Adventure
Meanwhile on Earth,6.0,913,89,Adventure
Bionic,4.3,1700,110,Adventure
Escape from the 21st Century,6.5,885,98,Adventure
Robin and the Hoods,4.3,512,100,Adventure
Gracie and Pedro: Pets to the Rescue,5.1,275,87,Adventure
This Too Shall Pass,9.0,12,105,Adventure
School of Magical Animals 3,5.8,315,105,Adventure
All for One,1.4,659,97,Adventure
Return to Wickensburg,5.0,30,88,Adventure
Roadkill,3.7,682,90,Adventure
Big City Greens the Movie: Spacecation,6.2,542,83,Adventure
Pimpinero: Blood and Oil,5.6,551,121,Adventure
Patsy Lee & the Keepers of the 5 Kingdoms,4.0,219,109,Adventure
The Last Ronin,4.9,575,115,Adventure
The Mountain,6.6,157,89,Adventure
Warrior Awang and Master Tok Gajah,4.6,476,118,Adventure
The Goat,5.7,144,91,Adventure
No Time to Spy: A Loud House Movie,6.4,449,81,Adventure
Kvitebjørn,5.9,62,85,Adventure
I Heart Robots,4.6,2400,76,Adventure
Dalia y el Libro Rojo,6.5,91,107,Adventure
Gladiators,5.9,45,95,Adventure
Spiders on a Plane,5.1,372,78,Adventure
Barroz,3.5,1000,155,Adventure
Rally Caps,5.5,138,100,Adventure
Never Look Away,7.2,265,85,Adventure
One Million Babes BC,2.1,84,75,Adventure
Oscar Wilde About America,4.4,28,98,Adventure
Beyond existence,4.3,21,95,Adventure
My Freaky Family,6.3,406,86,Adventure
My Oni Girl,6.0,1700,112,Adventure
"Maya, donne-moi un titre",6.4,53,61,Adventure
The Kingdom,7.9,89,133,Adventure
Marianengraben,7.4,84,87,Adventure
Going Viral,6.9,53,90,Adventure
Ayalaan,6.0,4000,155,Adventure
Mobile Suit Gundam SEED Freedom,6.6,952,124,Adventure
Diplodocus,6.3,177,90,Adventure
The Phantom Warrior,2.4,555,119,Adventure
Guest from the Future,6.0,1200,141,Adventure
Seven Seas Seven Hills,8.7,89,90,Adventure
Si Juki the Movie: Harta Pulau Monyet,6.0,118,107,Adventure
Odio el verano,5.1,584,103,Adventure
Giants of La Mancha,6.2,563,88,Adventure
Road Wars: Max Fury,2.0,350,83,Adventure
Five Friends,6.7,908,112,Adventure
The Casagrandes Movie,5.6,667,89,Adventure
A Trip Elsewhere,5.6,101,93,Adventure
Earthquake Underground,3.3,196,83,Adventure
Rocky Road to Berlin,7.2,1400,104,Adventure
STEVE (A Minecraft Movie),6.9,12,61,Adventure
Dünya Varmis,7.2,54,100,Adventure
Fox & Hare Save the Forest,5.9,202,71,Adventure
Treasure Trackers,5.8,161,92,Adventure
Ahl Al Kahf,5.3,264,120,Adventure
Kalvan,5.6,987,142,Adventure
Bureau 749,4.0,532,123,Adventure
Luigi's Mansion,6.0,17,60,Adventure
Yi ren zhi xia,5.2,208,134,Adventure
Oculus,6.0,15,113,Adventure
Shrek 5: The Contract - A Fan Made Film,7.0,19,84,Adventure
My Fathers' Daughter,6.7,74,78,Adventure
The Lost Tiger,7.9,45,90,Adventure
The Epidemic,5.7,72,95,Adventure
Amazon Bullseye,5.2,202,113,Adventure
Buddy,3.8,346,137,Adventure
Die Chaosschwestern und Pinguin Paul,5.7,67,100,Adventure
Memes & Nightmares,5.7,85,81,Adventure
Nintama Rantaro Dokutake Ninja-tai Saikyou no Gunshi,7.0,20,90,Adventure
Captain Miller,6.5,8600,157,Adventure
Bremenskie muzykanty,4.6,670,115,Adventure
Sunlight,7.9,17,96,Adventure
Empire Queen,3.2,204,148,Adventure
Taklee Genesis x Worlds Collide,5.4,409,146,Adventure
The Trail,7.8,37,80,Adventure
Shanghai Story,8.2,58,71,Adventure
Game On,2.6,353,85,Adventure
Spirit Riser,6.7,33,98,Adventure
The Backrooms,6.2,8,63,Adventure
Kodaikanal,9.2,69,173,Adventure
Sam and Colby: The Legends of the Paranormal,4.8,307,98,Adventure
At Her Feet,7.5,41,100,Adventure
Vertical,5.2,132,111,Adventure
Daye: Seret ahl el Daye,7.9,17,104,Adventure
Un lío de millones,6.0,50,91,Adventure
Its Name Was Mormo,3.7,115,93,Adventure
Bull Shark 3,3.5,84,76,Adventure
Bolshoe puteshestvie. Vokrug sveta,5.6,59,85,Adventure
"Zak & Wowo, la légende de Lendarys",5.7,96,85,Adventure
Jathara,7.8,1100,129,Adventure
Formed Police Unit,4.6,477,120,Adventure
Tokusou Sentai Dekaranger 20th: Fireball Booster,7.0,33,50,Adventure
Transformers Prime: Galavatron's Revenge,3.7,9,104,Adventure
The Magic Reindeer Saving Santa's Sleigh,6.2,333,86,Adventure
Stinky Summer,5.6,51,90,Adventure
The Forest,6.3,49,77,Adventure
Powder Pup,6.2,76,89,Adventure
Dragon Ball Kai: Doragon Bôru Kai,8.5,71,82,Adventure
This Land of Mine,6.8,8,90,Adventure
Friendly Fire,6.1,34,105,Adventure
Trifole,7.6,51,100,Adventure
The Adventures of Jurassic Pet: Return to the Wild,5.3,62,90,Adventure
Jurassic Triangle,2.5,281,84,Adventure
Kaizen,7.3,653,160,Adventure
Little Emma,5.9,114,106,Adventure
Dead Dead Demon's Dededede Destruction,7.0,145,120,Adventure
Dreams,7.6,8,106,Adventure
My Redneck Neighbor: Chapter 1 - The Rednecks Are Coming,5.0,8,74,Adventure
Askepote,3.5,83,72,Adventure
Lo carga el diablo,7.4,23,93,Adventure
Captain Avispa,5.8,177,96,Adventure
Yolki 11,4.7,170,92,Adventure
Death Game,6.3,24,88,Adventure
Diving Into the Darkness,9.1,83,96,Adventure
The Star City Murders,4.1,142,79,Adventure
Next to Us,4.8,223,125,Adventure
Birds Flying East,5.8,567,100,Adventure
Mong Vuot,5.3,123,96,Adventure
Satu - Year of the Rabbit,9.1,56,93,Adventure
Shadows of Betrayal: Chronicles of Ian Blair,7.3,12,65,Adventure
Teenz,4.4,864,122,Adventure
LasseMajas detektivbyrå - Maskoten som försvann,6.0,57,90,Adventure
Ghost Island,7.3,47,95,Adventure
Tulang Belulang Tulang,7.0,47,95,Adventure
Fûto Tantei: Kamen Rider Skull no Shôzô,7.5,42,82,Adventure
Z-Mom,4.9,45,90,Adventure
The Slave and the Sorcerer,6.7,40,86,Adventure
Håkan Bråkan 2,5.3,133,92,Adventure
Dünya Mali: Eksi Bir,7.2,17,133,Adventure
Stranded Pearl,6.0,27,90,Adventure
Gepack,6.6,360,97,Adventure
Witch Hunter,5.3,24,80,Adventure
Letuchiy korabl,3.8,297,100,Adventure
Permafrost,5.7,114,80,Adventure
The Umbrella Fairy,5.5,54,95,Adventure
Tri kota. Zimnie kanikuly,6.5,30,65,Adventure
Major Grom: The Game,6.1,1800,168,Adventure
Turma da Mônica Jovem: Reflexos do Medo,2.8,258,88,Adventure
Arctic Hollow,2.3,180,70,Adventure
Wandafuru Purikyua! Za mubi! Doki Doki Game no Sekai de Daiboken,7.0,35,71,Adventure
Masha i Medved v kino: Park chudes,7.6,17,58,Adventure
Dikkie Dik 2: Een Nieuwe Vriend voor Dikkie Dik,7.4,72,70,Adventure
Historia de pastores,5.5,34,80,Adventure
The Worlds Divide,8.1,39,120,Adventure
Benjamin Bat,8.0,29,75,Adventure
Baba Yaga spasaet Novyy god,4.4,116,99,Adventure
Yaren Leylek,5.9,27,95,Adventure
The Yoshi Movie,7.7,12,105,Adventure
Cazatesoros,6.5,27,106,Adventure
Hain,2.9,45,95,Adventure
Güzel Bir Rüya,4.7,44,79,Adventure
BAM!,6.9,29,80,Adventure
Naa Saami Ranga,4.5,1200,150,Adventure
Tri bogatyrya. Ni dnya bez podviga,5.7,67,61,Adventure
Igrisca ne damo!,7.0,27,79,Adventure
Tay 2: Ebabil Takimi,5.2,38,78,Adventure
Rocky and Bullwinkle,9.2,13,100,Adventure
Xibalba Monster,6.6,28,76,Adventure
Vikaasaparva,8.5,541,134,Adventure
Six Nine Five (695),7.1,705,137,Adventure
Dead Dead Demon's Dededede Destruction Zenpen,7.1,140,120,Adventure
Dikkie Dik en de Verdwenen Knuffel,7.3,130,62,Adventure
Tipppsy,8.2,33,115,Adventure
Abudeka Is Back,5.3,34,120,Adventure
Ognivo,5.5,226,105,Adventure
Chernyy zamok,7.9,19,115,Adventure
"Silex and the City, le film",4.9,50,77,Adventure
Appu,8.6,181,92,Adventure
Nature Cat's Nature Movie Special Extraordinaire,7.3,19,53,Adventure
The Secret of Pin-Up Island,7.4,92,107,Adventure
Moy dikiy drug,6.5,58,100,Adventure
Two Breaths,8.2,22,18,Adventure
Nothing Unusual,9.7,12,92,Adventure
Kido senshi Gandamu: Ginhai no Gen'ei,6.1,13,90,Adventure
Oyunda Kal: Eglence Arenasi,2.6,36,92,Adventure
Pui Pui Molcar the Movie: Molmax,7.0,9,69,Adventure
Surge of Power: Where There's Smoke,6.5,13,68,Adventure
The Eye of the Salamander,7.9,20,81,Adventure
Bratya,2.8,122,103,Adventure
Goodbye Hamdi,6.2,9,85,Adventure
Cândido,6.3,61,99,Adventure
Chhota Bheem and the Curse of Damyaan,4.8,2300,145,Adventure
Dou Po Cangqiong 3: Chu E,4.7,8,81,Adventure
Wilhelm Gustloff,8.7,8,110,Adventure
Mama,8.5,7,100,Adventure
Joachim and the Apocalypse,7.2,13,90,Adventure
Triple 7,8.5,14,97,Adventure
Adam i Eva,5.1,94,95,Adventure
Steal the Naughty List,6.4,119,90,Adventure
The Last Five Days: The Freak Building,3.8,58,61,Adventure
Samaya bolshaya luna,2.4,128,105,Adventure
Poklad,4.4,41,100,Adventure
Petualangan Anak Penangkap Hantu,6.0,25,99,Adventure
Operation Wakaliga: Fate and Blood,6.7,11,66,Adventure
Manyunya. Priklyucheniya v derevne,5.9,120,84,Adventure
Zoloto Umalty,4.9,109,109,Adventure
Jaunt,8.4,7,78,Adventure
Hope & Glory,6.6,145,44,Adventure
Vasilisa i khraniteli vremeni,3.1,68,98,Adventure
Kiyma: Orman Kanunlari,4.5,36,81,Adventure
Suchana,9.0,527,90,Adventure
Antarctic Voyage,6.8,6,48,Adventure
The Dragon's Tomb,6.8,52,77,Adventure
Manyunya. Priklyucheniya v Moskve,5.8,110,87,Adventure
Mortadella,8.4,6,90,Adventure
Anytime,8.9,20,62,Adventure
The Very Last Christmas,8.5,12,75,Adventure
Piraty galaktiki Barrakuda,4.5,82,92,Adventure
Troy the Bharat Putra,5.5,31,134,Adventure
Longe da Estrada,6.0,9,68,Adventure
"Fallen Leaves, Broken Lighters",7.7,7,96,Adventure
De Legende van Familie Vos,5.7,59,81,Adventure
Suvorovets 1944,5.1,9,90,Adventure
V potoke trekh stikhiy,5.2,42,85,Adventure
Mai Martaba,4.9,10,86,Adventure
Wonderland,6.8,12,120,Adventure
Advent,7.5,6,119,Adventure
Heavens: The Boy and His Robot,6.3,22,98,Adventure
Príncipe Lu e a Lenda do Dragão,4.2,27,90,Adventure
Yasmeen's Element,7.6,20,76,Adventure
Kade,6.7,16,92,Adventure
Novogodniy ekspress,9.2,5,47,Adventure
Tur s Ivanushkami,5.3,159,111,Adventure
The Ballad of Straw Hat Sam,9.2,10,45,Adventure
Bar MoskvaChiki,5.2,102,91,Adventure
The Bigfoot Prophecy,4.8,23,117,Adventure
LUDA,7.2,6,86,Adventure
Tayna Chyornoy Ruki,5.7,23,84,Adventure
Novyy god v Beryozovke,7.1,99,94,Adventure
Tracing the Divide,8.8,170,84,Adventure
Abar Arownne Din Ratri,7.8,7,111,Adventure
Dracu Ra,5.4,37,106,Adventure
Il ricercatore,5.8,7,71,Adventure
A Christmas Carol,9.8,11,39,Adventure
Applepictures the Poseidon Legacy,6.4,19,84,Adventure
No More Trouble - Cosa rimane di una tempesta,8.5,19,97,Adventure
StarGazer: The Need of the Many,5.0,9,47,Adventure
Chyortov kamen,6.4,10,105,Adventure
Dandelions,8.9,9,95,Adventure
Kyle and the Last Emerald 2,8.4,7,15,Adventure
"Poymay sobaku, esli smozhesh",3.5,36,96,Adventure
Moy lyubimyy chempion,2.4,418,95,Adventure
Frankenstein Theater: The Magic Sword,4.4,23,82,Adventure
Colour Palette,9.0,24,87,Adventure
Lajjpal,9.0,8,252,Adventure
The Blinkless,7.8,12,59,Adventure
YA - medved,5.0,61,97,Adventure
Mesken (Messuage),7.5,38,102,Adventure
Isle: Alpha One,8.4,7,97,Adventure
Mukhadrakon,5.3,18,109,Adventure
Skazochnyy patrul. Shou prodolzhayetsya,7.2,11,65,Adventure
PW V: Tears of the Fallen,8.2,11,60,Adventure
Pirates & Slaves,5.8,6,53,Adventure
Turbozavry. God drakona,9.2,43,48,Adventure
Ngesot,4.8,18,87,Adventure
Sehnsucht nach Firdaws,8.5,6,103,Adventure
Let's Go! Anpanman: Baikinman and Lulun,6.5,7,64,Adventure
Selebryata,3.8,20,93,Adventure
Banana Boat,5.7,20,78,Adventure
Boom!,8.3,11,90,Adventure
Luccas e Gi em: Dinossauros,3.5,27,91,Adventure
Whites Only: Ade's Extremist Adventure,7.0,27,65,Adventure
Mao pai te gong,3.7,8,95,Adventure
Gostya iz kosmosa,8.5,6,70,Adventure
Okhota na russkogo geniya,5.3,11,71,Adventure
Piri Reis: The Incredible Chart,6.9,22,138,Adventure
Beyaz Zenciler: Yapim Asamasi,8.6,5,55,Adventure
The Kingfish 2,7.9,10,72,Adventure
Mufasa: The Lion King,6.6,63000,118,Animation
Moana 2,6.6,102000,100,Animation
Flow,7.9,74000,85,Animation
Paddington in Peru,6.7,21000,106,Animation
The Wild Robot,8.2,162000,102,Animation
Transformers One,7.6,50000,104,Animation
Despicable Me 4,6.2,65000,94,Animation
The Day the Earth Blew Up: A Looney Tunes Movie,7.0,4100,91,Animation
Inside Out 2,7.5,216000,96,Animation
The Lord of the Rings: The War of the Rohirrim,6.3,30000,134,Animation
IF,6.4,58000,104,Animation
Solo Leveling: ReAwakening,8.7,12000,121,Animation
Kung Fu Panda 4,6.3,68000,94,Animation
Memoir of a Snail,7.8,17000,95,Animation
The Garfield Movie,5.7,24000,101,Animation
Harold and the Purple Crayon,5.7,8300,90,Animation
Attack on Titan the Movie: The Last Attack,9.2,16000,145,Animation
Watchmen: Chapter I,7.0,6600,83,Animation
Wallace & Gromit: Vengeance Most Fowl,7.5,34000,82,Animation
Spellbound,5.5,7400,109,Animation
Night of the Zoopocalypse,6.0,646,91,Animation
Spermageddon,5.8,806,80,Animation
Look Back,7.8,15000,58,Animation
Hitpig,5.1,940,86,Animation
Piece by Piece,6.9,5400,93,Animation
Watchmen: Chapter II,7.0,3100,90,Animation
Thelma the Unicorn,5.7,2900,93,Animation
Buffalo Kids,6.6,691,93,Animation
The Most Precious of Cargoes,7.1,972,81,Animation
Megamind vs. The Doom Syndicate,2.5,5600,83,Animation
Orion and the Dark,6.3,17000,93,Animation
The Remarkable Life of Ibelin,8.2,12000,103,Animation
Justice League: Crisis on Infinite Earths - Part One,6.2,8500,93,Animation
Justice League: Crisis on Infinite Earths - Part Three,6.1,4500,94,Animation
My Hero Academia: You're Next,7.0,2100,110,Animation
That Christmas,6.8,17000,91,Animation
Ultraman: Rising,6.9,6400,117,Animation
Demon Slayer: Kimetsu No Yaiba - To the Hashira Training,7.1,8500,104,Animation
The Glassworker,7.3,1700,98,Animation
Dan Da Dan: First Encounter,8.2,2700,83,Animation
Woody Woodpecker Goes to Camp,4.5,2600,100,Animation
Grand Theft Hamlet,6.9,1900,89,Animation
Saving Bikini Bottom: The Sandy Cheeks Movie,3.7,3900,82,Animation
10 Lives,5.9,1900,88,Animation
Doraemon the Movie: Nobita's Earth Symphony,6.6,1500,115,Animation
Dragonkeeper,5.7,1700,98,Animation
Limonov: The Ballad of Eddie,6.0,795,138,Animation
The Colors Within,7.1,966,101,Animation
Mars,7.9,23,84,Animation
Justice League: Crisis on Infinite Earths - Part Two,5.5,5300,94,Animation
200% Wolf,5.9,1300,98,Animation
Johnny Puff: Secret Mission,4.8,452,87,Animation
Bloody Escape,5.6,47,100,Animation
The Tiger's Apprentice,5.7,2200,84,Animation
Overlord: The Sacred Kingdom,6.9,979,135,Animation
Haikyuu!! The Dumpster Battle,7.7,6200,85,Animation
Panda Bear in Africa,5.5,347,84,Animation
Crayon Shin-chan: Ora's Dinosaur Diary,6.4,353,106,Animation
Gekijô-ban Blue Lock -Episode Nagi-,6.6,2500,91,Animation
Super-Charlie,5.8,121,80,Animation
The Sloth Lane,5.6,206,90,Animation
Lesbian Space Princess,7.2,137,87,Animation
Rebellious,6.0,195,94,Animation
Ryan's World the Movie: Titan Universe Adventure,1.8,693,80,Animation
The Night Before Christmas in Wonderland,6.3,516,80,Animation
Given Movie 3: Umi e,8.9,60,80,Animation
Elli and the Ghostly Ghost Train,5.1,99,86,Animation
Re: Zero - Starting Life in Another World- Season 3 Episode 1 90-minute Special 'Theatrical Malice',8.8,1200,90,Animation
Frida,7.5,1500,87,Animation
Sanatorium Under the Sign of the Hourglass,5.4,117,75,Animation
Noah's Ark,4.3,660,96,Animation
Savages,6.8,339,87,Animation
Dongeng Sang Kancil,6.7,173,99,Animation
Gracie and Pedro: Pets to the Rescue,5.1,275,87,Animation
The Quintessential Quintuplets Specials 2,7.0,129,46,Animation
Mononoke the Movie: The Phantom in the Rain,6.8,1200,89,Animation
Big City Greens the Movie: Spacecation,6.2,542,83,Animation
White Snake: Afloat,6.9,475,133,Animation
Living Large,7.0,122,80,Animation
No Time to Spy: A Loud House Movie,6.4,449,81,Animation
Movie Given Hiiragi Mix.,7.5,172,70,Animation
Kvitebjørn,5.9,62,85,Animation
Dalia y el Libro Rojo,6.5,91,107,Animation
Theater Compilation Bocchi the Rock! Re:,7.6,163,90,Animation
Fureru,6.2,35,107,Animation
Detective Conan: The Million-Dollar Pentagram,6.7,1500,111,Animation
"Die Heinzels: Neue Mützen, Neue Mission",6.4,91,76,Animation
My Freaky Family,6.3,406,86,Animation
Ghost Cat Anzu,6.5,768,97,Animation
Out of the Nest,6.5,111,84,Animation
From Ground Zero,8.0,534,112,Animation
My Oni Girl,6.0,1700,112,Animation
"Maya, donne-moi un titre",6.4,53,61,Animation
Rafadan Tayfa: Kapadokya,6.6,119,84,Animation
SuperKlaus,4.3,203,88,Animation
Heartsping : Teenieping of Love,7.1,24,0,Animation
Mobile Suit Gundam SEED Freedom,6.6,952,124,Animation
Diplodocus,6.3,177,90,Animation
Baki Hanma VS Kengan Ashura,5.7,1900,62,Animation
Hola Frida,7.1,30,82,Animation
Kizumonogatari: Koyomi Vamp,7.0,89,144,Animation
Si Juki the Movie: Harta Pulau Monyet,6.0,118,107,Animation
Giants of La Mancha,6.2,563,88,Animation
Boys Go to Jupiter,6.9,96,90,Animation
The Casagrandes Movie,5.6,667,89,Animation
Sabbath Queen,8.0,64,105,Animation
STEVE (A Minecraft Movie),6.9,12,61,Animation
Fox & Hare Save the Forest,5.9,202,71,Animation
The Proud Princess,6.7,113,84,Animation
Abá e Sua Banda,7.0,9,84,Animation
"Angelo, dans la forêt mystérieuse",6.0,125,81,Animation
Shrek 5: The Contract - A Fan Made Film,7.0,19,84,Animation
Jon Vardar protiv Galaksijata,8.1,75,86,Animation
The Lost Tiger,7.9,45,90,Animation
Gekijô sôshûhen Bocchi the Rock! Re: Re:,7.9,103,77,Animation
Nintama Rantaro Dokutake Ninja-tai Saikyou no Gunshi,7.0,20,90,Animation
(S)KiDS,9.7,99,85,Animation
TWST: Things We Said Today,7.0,46,86,Animation
Peppa's Cinema Party,5.0,155,65,Animation
God with Three Eyes,6.1,14,112,Animation
Olivia & the Clouds,7.2,50,81,Animation
Xiong Shi Shao Nian 2,7.5,203,134,Animation
Bolshoe puteshestvie. Vokrug sveta,5.6,59,85,Animation
"Zak & Wowo, la légende de Lendarys",5.7,96,85,Animation
Transformers Prime: Galavatron's Revenge,3.7,9,104,Animation
The Magic Reindeer Saving Santa's Sleigh,6.2,333,86,Animation
Tobias and the Arcane Merchant,9.0,43,167,Animation
Schirkoa: In Lies We Trust,5.6,158,103,Animation
Luntik. Vozvrashchenie domoy,6.4,75,0,Animation
Dragon Ball Kai: Doragon Bôru Kai,8.5,71,82,Animation
Trapezium,6.3,151,102,Animation
Little Emma,5.9,114,106,Animation
Dead Dead Demon's Dededede Destruction,7.0,145,120,Animation
Uma Musume: Pretty Derby - Beginning of a New Era,7.3,120,108,Animation
Askepote,3.5,83,72,Animation
Captain Avispa,5.8,177,96,Animation
Yumiui Sepodeul Deo Mubi,6.2,49,93,Animation
Mariposas Negras,7.2,51,83,Animation
Woolina and the No Birds,8.2,47,80,Animation
The Storm,6.0,139,102,Animation
Fûto Tantei: Kamen Rider Skull no Shôzô,7.5,42,82,Animation
Toemalog,7.2,97,85,Animation
Mustafa,6.9,72,75,Animation
Boonie Bears: Time Twist,6.0,167,105,Animation
Rock Bottom,6.9,43,86,Animation
The Umbrella Fairy,5.5,54,95,Animation
Il segreto di Liberato,7.3,217,90,Animation
Tri kota. Zimnie kanikuly,6.5,30,65,Animation
Wandafuru Purikyua! Za mubi! Doki Doki Game no Sekai de Daiboken,7.0,35,71,Animation
Masha i Medved v kino: Park chudes,7.6,17,58,Animation
Slocum et moi,7.3,73,75,Animation
Dikkie Dik 2: Een Nieuwe Vriend voor Dikkie Dik,7.4,72,70,Animation
Quo Vadis,6.6,507,90,Animation
Formula vody,4.5,31,86,Animation
The Worlds Divide,8.1,39,120,Animation
Benjamin Bat,8.0,29,75,Animation
Transformers: 40th Anniversary Event,7.3,29,96,Animation
"Robotia, the Movie",7.7,29,86,Animation
Bob a Bobek ve filmu: Na stope Mrkvojeda,7.7,24,80,Animation
Bartali's Bicycle,7.8,5,80,Animation
Norbert,6.6,12,75,Animation
Motu Patlu & The Race to the Diamond Valley,7.8,27,72,Animation
Tri bogatyrya. Ni dnya bez podviga,5.7,67,61,Animation
Tay 2: Ebabil Takimi,5.2,38,78,Animation
Double Tuckerr,4.9,1200,120,Animation
Inanimate Insanity II: The Movie,8.4,231,106,Animation
Rocky and Bullwinkle,9.2,13,100,Animation
PAPmusic - Animation for Fashion,1.0,136,85,Animation
A Few Moments of Cheers,7.1,39,68,Animation
Uma & Haggen: Mitos,7.5,46,94,Animation
Dead Dead Demon's Dededede Destruction Zenpen,7.1,140,120,Animation
Dikkie Dik en de Verdwenen Knuffel,7.3,130,62,Animation
Lilla spöket Laban spökar igen,6.2,26,44,Animation
Kuramerukagari,5.8,81,61,Animation
Rocket Club: Across the Cosmos,8.4,19,68,Animation
Code Geass: Rozé of the Recapture - Part 1,7.6,42,74,Animation
"Silex and the City, le film",4.9,50,77,Animation
Riki Rhino: The Bird Kingdom,5.1,24,109,Animation
Appu,8.6,181,92,Animation
Nature Cat's Nature Movie Special Extraordinaire,7.3,19,53,Animation
Le parfum d'Irak,8.1,42,95,Animation
Motu Patlu & The Rise of Zombies,6.6,15,74,Animation
Meitantei Conan Bâsasu Kaitô Kiddo,6.1,162,81,Animation
Nothing Unusual,9.7,12,92,Animation
Kido senshi Gandamu: Ginhai no Gen'ei,6.1,13,90,Animation
Maxxie LaWow: Drag Super-shero,8.7,58,114,Animation
The Greatest Surf Movie in the Universe,5.4,8,81,Animation
Pui Pui Molcar the Movie: Molmax,7.0,9,69,Animation
Zapiski yunogo vracha,2.4,5,86,Animation
Nie Xiaoqian,6.2,17,112,Animation
Gujeyeog-eseo sal-a dol-aon dwaeji,5.1,10,105,Animation
Luo Fan Chen,6.8,154,118,Animation
Luv You Shankar,5.8,44,120,Animation
Animal Tales of Christmas Magic,6.8,50,72,Animation
Ya Boy Kongming! Road to Summer Sonia,7.5,39,119,Animation
Steal the Naughty List,6.4,119,90,Animation
Be Forever Yamato: Rebel 3199: Part 1: Dark Invasion,7.0,9,50,Animation
Hello My Beautiful Creatures,6.8,170,142,Animation
Ugly Sweater,7.1,13,80,Animation
Zuzubalândia: O Filme,5.6,10,60,Animation
The Delegator,4.2,17,96,Animation
Sunburnt Unicorn,7.7,13,81,Animation
Love Live! Nijigasaki High School Idol Club Final Chapter Part 1,7.3,13,59,Animation
Bizarros Peixes das Fossas Abissais,8.1,13,75,Animation
Arne Alligator och djungelkompisarna,4.6,48,61,Animation
Code Geass: Rozé of the Recapture: Part 2,7.8,28,76,Animation
Day of the Diesels,7.7,10,100,Animation
Max Beyond,6.6,17,93,Animation
The Ballad of Straw Hat Sam,9.2,10,45,Animation
LUDA,7.2,6,86,Animation
Xi Yang Yang yu Hui Tai Lang: Shou hu,7.2,13,96,Animation
Gintama the Movie 2D: Courtesan of the Nation Arc,7.8,6,109,Animation
Astra,6.8,8,80,Animation
Nasreddin Hoca: Zaman Yolcusu - Kadim Medeniyetler,7.7,12,78,Animation
Code Geass: Rozé of the Recapture: Part 3,7.4,25,76,Animation
Velký Pán,7.0,8,73,Animation
Terra Incognita 1901,9.2,14,78,Animation
"Hey, Tete",6.4,9,151,Animation
Ninja Doomscrolling,8.1,102,96,Animation
Ekip: Siberay - Günes Firtinasi,6.0,14,72,Animation
Isle: Alpha One,8.4,7,97,Animation
Skazochnyy patrul. Shou prodolzhayetsya,7.2,11,65,Animation
The Car Acrobatic Team Saga,7.2,11,112,Animation
Turbozavry. God drakona,9.2,43,48,Animation
2475 Dawn of Revolution,6.3,152,127,Animation
Let's Go! Anpanman: Baikinman and Lulun,6.5,7,64,Animation
Code Geass: Rozé of the Recapture: Part 4,6.6,15,70,Animation
Bie ba zuo wen dang hui shi er,7.2,11,89,Animation
Sirds likums,6.8,17,65,Animation
The Order,6.8,42000,116,Crime
The Beekeeper,6.3,156000,105,Crime
Trap,5.8,137000,105,Crime
Longlegs,6.6,185000,101,Crime
Juror #2,7.0,97000,114,Crime
Freaky Tales,7.2,1200,107,Crime
Carry-On,6.5,165000,119,Crime
The Crow,4.7,35000,111,Crime
Despicable Me 4,6.2,65000,94,Crime
Wolfs,6.5,83000,108,Crime
Greedy People,6.2,11000,112,Crime
MaXXXine,6.2,70000,103,Crime
Rebel Ridge,6.8,88000,131,Crime
Dead Mail,6.0,773,106,Crime
Pushpa: The Rule - Part 2,6.1,56000,201,Crime
Emilia Pérez,5.4,88000,132,Crime
The Girl with the Needle,7.5,13000,123,Crime
Lucky Baskhar,8.0,31000,148,Crime
Absolution,5.2,8100,112,Crime
Bad Boys: Ride or Die,6.5,100000,115,Crime
Love Lies Bleeding,6.6,57000,104,Crime
Riff Raff,5.7,3000,103,Crime
Lake George,6.4,1200,118,Crime
Monkey Man,6.8,91000,121,Crime
The Instigators,6.2,38000,101,Crime
The Seed of the Sacred Fig,7.6,13000,167,Crime
Beverly Hills Cop: Axel F,6.4,81000,118,Crime
Lift,5.5,49000,107,Crime
Maharaja,8.4,67000,141,Crime
Sleeping Dogs,6.2,22000,110,Crime
Santosh,7.1,2000,128,Crime
Jafaican,6.4,6,101,Crime
Toofan,7.4,8100,145,Crime
Marco,6.8,21000,145,Crime
The Thicket,5.8,3100,108,Crime
Trigger Warning,4.6,19000,106,Crime
Armor,3.6,4000,89,Crime
Long Gone Heroes,5.2,1100,101,Crime
Trouble,6.2,6800,98,Crime
Beating Hearts,7.0,4700,166,Crime
Killer Heat,5.6,13000,95,Crime
Twilight of the Warriors: Walled In,7.0,9500,126,Crime
Brothers,5.4,13000,89,Crime
The Shadow Strays,6.5,9200,144,Crime
Duchess,4.6,1400,114,Crime
The Silent Hour,6.1,7400,99,Crime
Colors of Evil: Red,6.4,8500,111,Crime
Blackwater Lane,4.6,1900,108,Crime
Force of Nature: The Dry 2,5.8,7100,120,Crime
Misericordia,6.9,2000,104,Crime
Do Patti,6.4,69000,126,Crime
Hitpig,5.1,940,86,Crime
Dead Sea,5.2,5300,88,Crime
Harbin,6.2,644,108,Crime
Boneyard,4.1,5000,96,Crime
Damaged,4.7,7300,97,Crime
Mea Culpa,4.2,7000,120,Crime
Bangkok Dog,4.8,198,85,Crime
Megamind vs. The Doom Syndicate,2.5,5600,83,Crime
The Unholy Trinity,7.9,53,93,Crime
The Calendar Killer,5.4,4200,97,Crime
5lbs of Pressure,5.2,1600,111,Crime
Detained,4.9,1500,97,Crime
The Trainer,7.0,54,95,Crime
Sector 36,7.1,25000,123,Crime
Justice,6.3,3900,113,Crime
Baby John,5.2,17000,159,Crime
The Courier,6.0,4400,101,Crime
Viduthalai Part 2,7.9,16000,170,Crime
The Thundermans Return,5.0,1800,70,Crime
Revolver,5.4,865,114,Crime
Singham Again,4.7,75000,144,Crime
Thalavan,7.2,4700,131,Crime
The Roundup: Punishment,6.6,5300,109,Crime
Sikandar ka Muqaddar,6.0,24000,142,Crime
Darkness of Man,4.8,3200,109,Crime
Jönssonligan kommer tillbaka,5.9,1400,104,Crime
The Quiet Ones,6.3,690,110,Crime
"I, the Executioner",6.4,1700,118,Crime
Jigra,6.0,24000,153,Crime
Badland Hunters,5.9,12000,107,Crime
Depravity,4.3,995,117,Crime
Reputation,9.3,9,83,Crime
Inside,7.0,238,104,Crime
Code 8: Part II,5.7,16000,100,Crime
Golam,7.2,5600,120,Crime
The Clean Up Crew,4.1,1200,95,Crime
Strictly Confidential,2.8,854,94,Crime
Officer Black Belt,6.8,8300,108,Crime
Maharaj,6.5,15000,131,Crime
The Kingdom,7.0,767,112,Crime
Døde menn går på ski,5.2,295,89,Crime
Marmalade,6.3,3600,99,Crime
Drugstore June,5.4,1700,91,Crime
El Jockey,6.4,1700,96,Crime
Pani,6.9,3000,143,Crime
Maldoror,7.0,621,155,Crime
Midnight Taxi,5.5,80,97,Crime
The Soul Eater,5.9,2600,108,Crime
Bogota: City of the Lost,5.4,1900,108,Crime
Ride,5.9,394,114,Crime
Case of Kondana,5.8,602,143,Crime
Cult Killer,4.8,2800,105,Crime
Guns & Moses,8.1,44,94,Crime
King Ivory,7.3,63,130,Crime
Ulajh,6.0,24000,150,Crime
Barron's Cove,8.1,32,116,Crime
Lover Stalker Killer,7.0,13000,90,Crime
Compulsion,6.3,13,94,Crime
What Jennifer Did,6.1,11000,87,Crime
Bougainvillea,6.4,3200,138,Crime
Savi,6.1,35000,126,Crime
Anweshippin Kandethum,7.4,10000,142,Crime
City Hunter,6.3,5600,102,Crime
Sicilian Letters,6.1,713,122,Crime
Laws of Man,5.2,1000,98,Crime
Dead Wrong,3.9,258,104,Crime
Sorgavaasal,6.6,1400,138,Crime
Broken Rage,6.1,1400,62,Crime
Boundless,5.6,1900,121,Crime
Saripodhaa Sanivaaram,7.0,9100,166,Crime
The Pee Pee Poo Poo Man,8.3,25,79,Crime
To a Land Unknown,7.3,501,105,Crime
Freedom,5.9,1400,110,Crime
Untamed Royals,4.6,640,99,Crime
Jailbreak: Love on the Run,6.4,3200,88,Crime
First Shift,4.5,2000,89,Crime
Hijack 1971,6.8,3300,100,Crime
Io e te dobbiamo parlare,4.2,255,95,Crime
In Her Place,6.2,1500,96,Crime
Bhakshak,7.2,7200,134,Crime
Sheriff,6.9,1100,133,Crime
Here Now,4.9,410,118,Crime
Kahar: Kapla High Council,6.9,464,102,Crime
How to Rob a Bank,6.6,4200,88,Crime
The Sabarmati Report,6.4,24000,127,Crime
Crescent City,3.9,1400,103,Crime
In Youth We Trust,6.7,429,132,Crime
Kingsmen,6.4,47,72,Crime
Strangers,4.3,388,106,Crime
Gumasthan,5.8,515,145,Crime
Hellhound,4.3,507,103,Crime
Bloodline Killer,3.8,4400,105,Crime
Nice Girls,4.2,1200,92,Crime
Vettaiyan,7.0,39000,163,Crime
Wanted Man,4.8,2600,85,Crime
Ferry 2,5.6,3800,94,Crime
The Lockdown,4.3,610,117,Crime
Shoutai,6.9,570,120,Crime
Raayan,6.5,11000,145,Crime
Biggest Heist Ever,6.1,1400,85,Crime
Rats!,6.5,125,85,Crime
Two to One,6.1,729,116,Crime
Dirty Money,5.6,136,100,Crime
The Shameless,5.8,222,114,Crime
Dirty Ice Cream,4.4,120,47,Crime
Auron Mein Kahan Dum Tha,6.5,41000,150,Crime
Belle,5.8,63,100,Crime
Dengeler,5.3,212,123,Crime
The Birds Who Fear Death,9.2,73,102,Crime
Citizen of a Kind,6.7,824,114,Crime
Serpent's Path,5.8,289,112,Crime
A Place Called Silence,6.4,1200,119,Crime
Loverboy: Emoties Uit,6.4,517,98,Crime
Amish Affair,5.5,201,86,Crime
Peg O' My Heart,6.1,123,97,Crime
Mission: Cross,6.1,2600,105,Crime
Faultline,5.7,97,92,Crime
Phir Aayi Hasseen Dillruba,5.8,6800,132,Crime
GTMax,5.0,1200,100,Crime
Last Known Location,6.1,1400,110,Crime
Svemu dodje kraj,6.5,308,89,Crime
Havnaa,7.2,245,110,Crime
Roadkill,3.7,682,90,Crime
They Called Him Mostly Harmless,5.9,3200,89,Crime
Conquer: Lahad Datu,6.6,515,120,Crime
Tillu Square,6.6,3400,137,Crime
Miséria,5.3,101,99,Crime
Octopus with Broken Arms,6.1,259,109,Crime
Nefarious,7.1,56,85,Crime
The Park Maniac,4.8,1600,103,Crime
Kaulayaw,4.1,166,95,Crime
Anand Sreebala,6.6,2400,134,Crime
Sons of Rizk 3,6.7,1700,125,Crime
Scorched Earth,6.7,545,101,Crime
The Final: Attack on Wembley,6.3,2500,82,Crime
Rautu Ka Raaz,6.3,2000,114,Crime
Borderless Fog,5.2,1300,110,Crime
Abraham Ozler,6.6,4200,143,Crime
The Smile Man,7.5,1500,122,Crime
She's Got No Name,7.0,50,150,Crime
Nunakuzhi,6.8,3000,125,Crime
Road to Terzetto,7.2,35,96,Crime
The Moon Thieves,6.1,253,108,Crime
Bermondsey Tales: Fall of the Roman Empire,4.4,182,99,Crime
Papa,7.5,325,131,Crime
Cravings,1.7,10,155,Crime
10 Days of a Curious Man,5.7,1300,110,Crime
Visfot,5.7,1200,130,Crime
Saỷara,5.7,277,98,Crime
Ghost Killer,7.0,76,105,Crime
Crisis Negotiators,6.7,717,120,Crime
Baby Assassins: Nice Days,7.3,305,103,Crime
A Gangster's Kiss,4.9,45,81,Crime
Hostage,6.0,11,87,Crime
Lady Scorpions,3.6,367,101,Crime
Red Night at Skye's,7.0,9,82,Crime
The Kingdom,7.9,89,133,Crime
Mirza: Part 1 - Joker,6.8,241,165,Crime
Love You to Debt,6.2,759,135,Crime
Little Jaffna,6.9,45,100,Crime
"Pooja, Sir",6.4,738,115,Crime
Mr. Bachchan,3.6,5300,150,Crime
The Experts,6.1,279,121,Crime
Go for Broke,5.7,272,115,Crime
Vina: Before 7 Days,5.4,594,100,Crime
Dhakshina,5.4,5200,107,Crime
Una ballena,6.1,76,108,Crime
The Truth vs. Alex Jones,7.5,3000,121,Crime
The Girl Who Wore Yellow Lace,4.5,22,82,Crime
Nirangal Moondru,6.1,534,122,Crime
Le Mohican,7.0,153,87,Crime
Murder and Cocktails,4.0,361,88,Crime
Midas,4.7,340,85,Crime
Nahir,4.7,1100,122,Crime
(Pri)sons,5.0,273,100,Crime
Passages of Nexus,5.7,246,108,Crime
The Plot,4.8,382,100,Crime
Krista,5.7,50,58,Crime
Chris Brown: A History of Violence,5.4,319,82,Crime
A New Breed of Mafia,4.4,71,92,Crime
Harom Hara,6.6,3000,154,Crime
A Brothers Bond,5.1,42,103,Crime
Killer Babes,3.5,285,94,Crime
Hit List,5.5,313,125,Crime
No Cap,5.6,38,108,Crime
Operation Raavan,7.8,1200,147,Crime
"MoviePass, MovieCrash",6.7,2800,96,Crime
Bunny & Clive,2.3,23,76,Crime
Dandupalayam,5.8,1300,137,Crime
Bangkok Breaking: Fa Narok Mueang Thewada,5.8,667,146,Crime
Quotation Gang Part 1,8.8,21,118,Crime
Cookster: The Darkest Days,8.2,40,119,Crime
Siren,6.4,2900,154,Crime
Unspoken,8.2,46,120,Crime
The Heist,6.9,2000,120,Crime
"LSD 2: Love, Sex Aur Dhokha 2",3.8,2800,119,Crime
Hunt the Wicked,5.3,113,102,Crime
Bars,5.8,23,135,Crime
Remedy,4.1,261,82,Crime
Samandar,7.7,140,172,Crime
Illusions for Sale: The Rise and Fall of Generation Zoe,6.2,645,107,Crime
The Actor,3.4,733,128,Crime
Metamorfosi dell'essere,7.3,82,105,Crime
Drive,5.6,333,90,Crime
Valley of the Shadow of Death,5.1,15,84,Crime
Kondal,5.3,774,147,Crime
Silence 2,6.2,1900,142,Crime
ChiefsAholic: A Wolf in Chiefs Clothing,6.2,376,121,Crime
The Epidemic,5.7,72,95,Crime
Oppa,8.5,47,84,Crime
Plastic Guns,6.3,620,95,Crime
Fyre Rises,6.5,322,110,Crime
They Turned Us Into Killers,2.7,255,86,Crime
Bhaje Vaayu Vegam,6.1,555,136,Crime
Andhagan,6.7,1200,142,Crime
Silver Star,6.9,15,102,Crime
Telekinesis,5.9,60,106,Crime
Zebra,7.2,3200,164,Crime
PT Sir,6.8,1700,130,Crime
Silvio,3.0,513,114,Crime
Gde nashi dengi?,6.5,14,76,Crime
The Mill Killers,5.9,51,100,Crime
Where Is Gilgamesh?,9.0,607,90,Crime
Filthy Animals,7.3,91,96,Crime
Prepare to Die,4.6,235,93,Crime
Sattam En Kaiyil,8.0,2200,124,Crime
Tòkunbò,3.9,296,113,Crime
Red,4.6,97,114,Crime
Blackia 2,5.9,125,132,Crime
"Hemet, or the Landlady Don't Drink Tea",4.3,88,89,Crime
Diddy: Summit to Plummet,2.3,202,60,Crime
Sinful Lies,6.9,8,65,Crime
Bastar: The Naxal Story,6.4,3300,124,Crime
The Mick and the Trick,4.9,76,96,Crime
Guess Who,4.8,367,93,Crime
9 Windows,3.6,308,82,Crime
Satyabhama,5.9,1500,132,Crime
Troll Factory,5.8,469,109,Crime
The Seven Sorrows of Mary,6.6,35,98,Crime
The Desperate Chase,5.5,60,110,Crime
Poslednji strelac,5.5,259,90,Crime
Matka,4.7,585,156,Crime
Gangs of Godavari,5.0,909,165,Crime
The Shakedown,5.0,309,104,Crime
Shu Si Yi Bo,6.7,33,91,Crime
The Shadow,6.5,261,90,Crime
Ballistic,2.2,161,95,Crime
Un homme en fuite,5.4,158,106,Crime
DNA,5.1,210,156,Crime
Young Lion of the West,5.2,108,93,Crime
Yalakunni,8.8,167,135,Crime
RapeD,7.0,28,105,Crime
Dead Man,5.1,206,109,Crime
Mathu Vadalara 2,7.0,1700,139,Crime
Vares X,3.7,120,85,Crime
Saindhav,5.1,1600,138,Crime
The Worst Man in London,5.7,146,127,Crime
The Waterboyz,7.8,86,89,Crime
Hustlers Take All,5.5,81,106,Crime
High Forces,5.7,529,119,Crime
Formed Police Unit,4.6,477,120,Crime
The Infallibles,4.8,754,99,Crime
Shakhahaari,7.5,1300,145,Crime
RTI,5.9,26,130,Crime
Chameleon,5.8,31,133,Crime
Estômago II: O Poderoso Chef,5.8,323,131,Crime
Rebel,3.1,65,100,Crime
One Last Time,7.0,15,82,Crime
Unknown Caller,7.0,29,63,Crime
Hwanyeo,4.6,126,102,Crime
Yevam,5.8,1500,123,Crime
Remember Us,6.2,39,96,Crime
Raja Rani,9.3,100,134,Crime
S.I.T,6.7,2300,110,Crime
Blood and Black,7.5,1100,88,Crime
Bozji gnjev,7.2,59,111,Crime
Danger in the Dorm,5.0,153,86,Crime
Cursed in Baja,7.6,22,80,Crime
Gridlocked,9.0,48,135,Crime
Castillo,8.1,33,128,Crime
Gam Gam Ganesha,5.3,310,140,Crime
Thug in a Suit,5.9,144,100,Crime
Piano Love,5.8,15,96,Crime
The Unwavering Brotherhood,5.3,80,94,Crime
Suspect,4.6,81,94,Crime
Texas Twister,2.5,158,88,Crime
Prasanna Vadanam,6.6,538,146,Crime
Nastupit leto,6.7,32,94,Crime
Cry of Silence,6.2,73,116,Crime
Bodiless,5.7,1000,90,Crime
Bond: Kizuna,6.2,18,92,Crime
Breaking the Silence: The Maria Soledad Case,6.3,519,95,Crime
Pattaya Heat,5.6,222,117,Crime
Mudo Kannu,6.6,2100,100,Crime
The Star City Murders,4.1,142,79,Crime
Green Bones,7.7,188,96,Crime
Chor Dil,7.4,37,135,Crime
The Texas Cheerleader Murder Plot,5.0,297,100,Crime
Dream Team,5.2,59,91,Crime
Con Queens,6.2,19,80,Crime
Shadows of Betrayal: Chronicles of Ian Blair,7.3,12,65,Crime
The Murder of Sandra Rivett,6.3,145,90,Crime
Untold: The Murder of Air McNair,5.6,2100,57,Crime
Angry Squad: Civil Servants & Seven Swindlers,7.9,45,120,Crime
Oru Nodi,6.7,504,128,Crime
Uninvited,6.5,77,93,Crime
Beneath the Fold,7.7,25,80,Crime
Reloaded 2,7.7,1100,45,Crime
Swing Bout,8.7,175,90,Crime
Shivam Bhaje,7.8,3000,121,Crime
Killerwood,7.3,30,84,Crime
Kokuhaku Confession,5.6,149,74,Crime
Rakshana,5.4,1100,139,Crime
Taxali Gate,6.6,118,95,Crime
Priyo Maloti,6.7,187,119,Crime
Cafe 404,7.2,35,93,Crime
Risky Business,7.8,92,107,Crime
Marine Drive,9.5,50,105,Crime
Wieczór kawalerski,4.8,436,85,Crime
Kiss of the Con Queen,7.2,28,117,Crime
Best Man Dead Man,6.7,12,83,Crime
Sentimentaaal,5.6,976,135,Crime
The Bitter Sugar,6.8,9,92,Crime
Hovering Blade,6.1,237,107,Crime
What Happens in Miami,4.3,220,90,Crime
Plea,6.9,24,88,Crime
Martingale,5.4,105,103,Crime
Accident or Conspiracy: Godhra,7.4,783,133,Crime
Vivekam,8.2,308,104,Crime
Pathological: The Lies of Joran van der Sloot,6.5,347,93,Crime
Tiger Wolf Rabbit,6.2,505,126,Crime
La mort viendra,6.0,42,101,Crime
Brattt,4.7,67,117,Crime
Chong jian tian ri,6.8,48,105,Crime
Holiday Hold-Up,5.6,69,89,Crime
Chithini,6.0,551,151,Crime
Kaliyugam Pattanamlo,6.6,2200,150,Crime
Kala Ratri,6.8,15,122,Crime
Rob N Roll,6.1,1500,98,Crime
Bheema,5.8,952,148,Crime
Kingdom Reign: Vol. 1,8.4,38,119,Crime
Dark World,4.6,15,135,Crime
The Donor,9.0,9,23,Crime
Vojna policajtov,6.5,339,150,Crime
Raavsaheb,8.4,7,138,Crime
"Bullets, Brothers and Blood",7.8,15,85,Crime
Dark Deceptions,6.2,36,82,Crime
Killcon,9.5,14,31,Crime
Maven,9.4,44,135,Crime
Villain - Life of a Gangster,8.9,156,141,Crime
The Legend of the Vagabond Queen of Lagos,7.8,37,100,Crime
Gorudo boi,6.5,134,129,Crime
Thirumbipaar,5.6,239,101,Crime
Protein,6.5,62,100,Crime
Pungut,6.7,11,100,Crime
Hain,2.9,45,95,Crime
Money No Enough 3,6.0,264,138,Crime
Dickweed,7.1,36,90,Crime
CHAAW: Chapter 3 - Christmas Time Is Here,7.9,475,72,Crime
GATAO: Like Father Like Son,6.8,70,100,Crime
Suspicion,3.6,209,115,Crime
Lipstick,6.3,27,145,Crime
Raktaksha,8.2,1400,118,Crime
Nico,8.3,45,109,Crime
Valleyheart,8.8,37,98,Crime
Blood Dried Hands,5.4,35,115,Crime
Whatever It Takes: Inside the eBay Scandal,8.3,14,93,Crime
4N6,9.6,62,117,Crime
Thankamani,4.6,229,156,Crime
Abudeka Is Back,5.3,34,120,Crime
State of Silence,6.5,110,80,Crime
Abnormal: Buas,5.6,26,90,Crime
Niyathi,6.8,174,113,Crime
Housekeeping,6.0,41,98,Crime
Landkrimi: Steirergift,6.3,67,90,Crime
Crime Reel,7.5,141,111,Crime
Tiempo de Pagar,7.4,48,63,Crime
Chitram Choodara,4.6,15,127,Crime
Charlotte Link - Ohne Schuld,5.5,41,89,Crime
A Place Under the Sun,9.2,35,110,Crime
Meitantei Conan Bâsasu Kaitô Kiddo,6.1,162,81,Crime
Pepe,5.0,492,126,Crime
Nasha Jurm Aur Gangsters,6.6,2600,137,Crime
Secret Home,8.3,148,117,Crime
Huang que zai hou,5.9,83,99,Crime
Bury Him,7.4,13,88,Crime
Deadly Gossip,5.3,81,94,Crime
Nelma Kodama: The Queen of Dirty Money,5.5,184,94,Crime
Porch Pirates,5.0,103,107,Crime
Who Killed Angel Adams?,6.3,24,76,Crime
Snowstorm,4.5,6,91,Crime
ONENESS,9.3,18,115,Crime
Thozhar Che Guevara,5.1,37,120,Crime
Supplier Shankara,9.3,71,163,Crime
Dream Lock,8.6,21,100,Crime
The Stix,7.1,31,123,Crime
Three Old Boys,4.8,97,108,Crime
Baik Punya Ah Long,5.0,75,122,Crime
My Home Hero the Movie,6.1,8,117,Crime
Game Over,5.7,20,74,Crime
Common Sense,2.5,20,68,Crime
Lipstick on the Glass,4.6,12,116,Crime
Anyone Else But Me,7.0,153,95,Crime
The Bodyguard,6.6,30,87,Crime
Kurukku,6.6,532,109,Crime
Lorry Chapter-1,5.7,2400,183,Crime
Aranam,7.5,406,127,Crime
Bang jia you xi,5.9,64,90,Crime
Diari de la meva sextorsió,6.5,53,64,Crime
Historias invisibles,6.4,27,110,Crime
Paarijathaparvam,6.2,2300,133,Crime
Nietzsche's Umbrella,8.7,21,86,Crime
Maloney - Die ersten drei haarsträubenden Fälle,6.7,76,98,Crime
Murder in a Teacup,6.3,148,93,Crime
Uno Sir,6.4,44,106,Crime
Searching for Amani,7.9,31,80,Crime
First Rites,7.0,5,114,Crime
Routa,6.5,31,127,Crime
G - 21 scener från Gottsunda,7.0,184,80,Crime
Jama,6.3,16,71,Crime
Ugravatara,7.9,552,122,Crime
Orah,7.1,20,95,Crime
Kiyma: Orman Kanunlari,4.5,36,81,Crime
Muzhskoe slovo,6.5,462,94,Crime
Muroi Shinji: Yaburezaru Mono,7.7,7,115,Crime
"Milk, Rice, and the Blood",9.0,53,45,Crime
A Valentine's Day,8.4,9,126,Crime
The Dealer,8.3,12,120,Crime
Jaspal,7.3,28,106,Crime
Opportunity,8.9,91,96,Crime
Theppa Samudram,7.4,1600,133,Crime
Tschugger - Der Lätscht Fall,8.1,165,147,Crime
Siragan,7.0,152,130,Crime
Grey Games,6.9,1100,121,Crime
Vergüenza,6.9,23,103,Crime
Myall Creek Day of Justice,6.4,17,78,Crime
Atlanta 10.02,5.3,14,45,Crime
The Housewife and the Hustler 2: The Reckoning,6.5,44,94,Crime
Salvajes,5.6,60,90,Crime
Haunting Trophies,7.7,66,150,Crime
Ni lin,4.5,88,112,Crime
Rancor,7.0,34,83,Crime
Laandhar,4.1,97,117,Crime
Los Justos,6.4,74,79,Crime
Hocus Focus,7.9,19,85,Crime
Jog 101,6.6,497,107,Crime
The Bottom Line,6.5,12,107,Crime
Mukhya Gamanika,8.5,2100,125,Crime
"Fallen Leaves, Broken Lighters",7.7,7,96,Crime
Scapegoat,7.0,22,85,Crime
Common Creed: Trafficking,6.7,8,106,Crime
Malam Pertobatan,6.8,11,81,Crime
Aaro,4.5,13,120,Crime
Gull Lake Vice II: The Delusion Continues,8.2,16,58,Crime
Ingu Mirugangal Vaazhum Idam,6.2,14,108,Crime
Lesní vrah,4.2,78,78,Crime
Abduction Chronicles,8.4,36,126,Crime
Yathabhava,8.3,28,127,Crime
Below the Rim,5.0,16,89,Crime
Po zhan,2.4,14,86,Crime
Bigul,9.3,46,144,Crime
Agontuk,5.4,22,125,Crime
Sao hei · Jue bu fang qi,5.5,94,115,Crime
Rhino Man,8.8,42,96,Crime
The London Underground Killer,4.7,92,91,Crime
Gally Gang Stars,9.0,2000,157,Crime
Blue Christmas,5.6,21,79,Crime
"Compa, me gusta su vieja",5.5,19,86,Crime
Jalandhara,9.2,545,110,Crime
5D,8.2,578,129,Crime
Blitz,7.2,8,6,Crime
Chacaleria,8.1,419,116,Crime
Vallavan Vaguthadhada,6.5,56,104,Crime
Lolipop Gang,3.6,6,90,Crime
Vengeful,6.1,18,100,Crime
Preminchoddu: Don't Love,7.8,1500,177,Crime
The Real Story of January 6: Part 2 - The Long Road Home,6.2,29,90,Crime
Little Black Submarines,6.9,57,123,Crime
Insurance Jimmy,6.9,148,110,Crime
The Deal,8.5,26,130,Crime
Passagrana,6.5,129,100,Crime
Shina,7.5,7,98,Crime
Die Bloedhonde,6.3,10,97,Crime
Sangharshana,7.3,1600,102,Crime
Rangeli,9.4,93,140,Crime
Dai jia fa de ren,5.4,59,121,Crime
Novyy god v Beryozovke,7.1,99,94,Crime
Kaçkin,7.6,9,104,Crime
Kunstroof,7.0,43,102,Crime
Pinnil Oral,6.0,113,127,Crime
AK47,7.2,14,146,Crime
Koresha,3.0,63,86,Crime
Guxim,7.7,34,75,Crime
Above the Trees,6.5,14,125,Crime
Leha,2.3,42,98,Crime
What Lies Within,5.3,13,90,Crime
SMB-plush presents trick or death,8.8,16,120,Crime
La Tamalera,8.2,9,115,Crime
Downfall of the Crypto King (theatrical feature),6.2,28,90,Crime
Pink Butterfly,5.7,55,109,Crime
Liebling Kreuzberg 2.0,5.1,50,89,Crime
Yi xue qian chi,5.4,47,115,Crime
A Reel Heist,5.2,58,116,Crime
Mun Kaupunki,6.6,22,105,Crime
Beauty Grace Malice,7.6,44,81,Crime
Yurka,4.0,30,85,Crime
Mina and the Radio Bandits,7.3,44,110,Crime
Sharma & Ambani,9.1,183,104,Crime
Yaa Devi Sarva Bhuteshu,8.7,8,119,Crime
Shades of Sapphire,7.8,9,77,Crime
Ata Nirjon Duporiya,8.0,10,103,Crime
Real Estate Sisters,4.8,17,84,Crime
Dead Name,9.0,11,84,Crime
Thirsty for Likes,4.0,38,46,Crime
Spending Some Time Together,6.9,28,146,Crime
No Loose Ends,6.7,9,68,Crime
Who Do You Trust?,3.6,40,96,Crime
Bayamariya Brammai,8.8,25,88,Crime
7vens Law,9.4,20,68,Crime
Conviction,7.0,36,97,Crime
Vrutos,8.4,9,100,Crime
Netru Indha Neram,5.5,136,140,Crime
Water Mafia,9.2,12,45,Crime
Dheera Samrat,9.8,99,123,Crime
Full Clip for a Snitch,3.9,18,75,Crime
Chu men zai wai,5.0,16,102,Crime
El Junior Del Patron,7.4,10,92,Crime
Dawgz Life,8.0,11,143,Crime
Slapes,6.8,31,82,Crime
Quan yuan xian yi ren,3.6,19,96,Crime
So It Goes,3.3,19,77,Crime
Namak,4.5,13,75,Crime
Los Hijos De Camelia y Emilio,6.4,27,82,Crime
Nacida Para Vengar,8.0,9,102,Crime
Anti-Drug Operation,6.8,5,79,Crime
The AI Dharma Story,2.5,1100,89,Crime
The Burned Hand,8.0,12,85,Crime
The Kills,8.8,9,70,Crime
Jimmy's Friends,7.0,11,94,Crime
El Cartel De Teresa,8.0,9,96,Crime
El Juego Del Poder,7.8,10,95,Crime
Kenda,8.9,20,135,Crime
Randa Ramphal,8.5,8,70,Crime
Detroit Ransom,6.8,11,76,Crime
Lealtad o Morir,8.2,9,87,Crime
Der Wien-Krimi: Blind ermittelt - Tod im Palais,6.9,30,88,Crime
Las Hermanas Del Cartel,8.2,5,91,Crime
La Nueva Camelia,5.4,17,95,Crime
Duelo De Capos,6.3,27,83,Crime
Runnin' from Wolves,7.2,10,133,Crime
Beautifully Broken People,8.9,9,75,Crime
Cageling,5.9,8,69,Crime
The Life of Chuck,7.6,541,110,Fantasy
Mufasa: The Lion King,6.6,63000,118,Fantasy
Nosferatu,7.2,193000,132,Fantasy
Wicked,7.5,157000,160,Fantasy
Moana 2,6.6,102000,100,Fantasy
Flow,7.9,74000,85,Fantasy
Sonic the Hedgehog 3,6.9,59000,110,Fantasy
Parthenope,6.6,11000,137,Fantasy
Transformers One,7.6,50000,104,Fantasy
Better Man,7.6,27000,135,Fantasy
Beetlejuice Beetlejuice,6.6,147000,105,Fantasy
The Crow,4.7,35000,111,Fantasy
Inside Out 2,7.5,216000,96,Fantasy
The Lord of the Rings: The War of the Rohirrim,6.3,30000,134,Fantasy
Megalopolis,4.7,35000,138,Fantasy
IF,6.4,58000,104,Fantasy
Red One,6.3,140000,123,Fantasy
Solo Leveling: ReAwakening,8.7,12000,121,Fantasy
Damsel,6.1,109000,110,Fantasy
Godzilla x Kong: The New Empire,6.0,121000,115,Fantasy
Ghostbusters: Frozen Empire,6.1,93000,115,Fantasy
The Watched,5.7,57000,102,Fantasy
Kung Fu Panda 4,6.3,68000,94,Fantasy
The Balconettes,6.1,907,104,Fantasy
Uglies,4.7,33000,100,Fantasy
The Garfield Movie,5.7,24000,101,Fantasy
Harold and the Purple Crayon,5.7,8300,90,Fantasy
Descendants: The Rise of Red,4.7,7000,91,Fantasy
Monster Summer,5.7,3700,97,Fantasy
Kalki 2898-AD,7.0,66000,180,Fantasy
Spellbound,5.5,7400,109,Fantasy
Rebel Moon - Part Two: The Scargiver,5.3,59000,122,Fantasy
The Wonderful Story of Henry Sugar and Three More,7.1,6700,88,Fantasy
The Tearsmith,5.2,12000,103,Fantasy
Dear Santa,5.4,19000,107,Fantasy
The End,5.5,1900,148,Fantasy
Girl Haunts Boy,6.3,3000,100,Fantasy
Thelma the Unicorn,5.7,2900,93,Fantasy
Family Pack,5.5,9100,94,Fantasy
The Best Christmas Pageant Ever,6.8,6100,99,Fantasy
Buffalo Kids,6.6,691,93,Fantasy
Harry Potter and the Stone,7.8,165,152,Fantasy
Hagen,6.1,1200,139,Fantasy
Orion and the Dark,6.3,17000,93,Fantasy
Irish Wish,5.2,21000,93,Fantasy
The Thundermans Return,5.0,1800,70,Fantasy
The American Society of Magical Negroes,3.7,12000,104,Fantasy
Hanu Man,7.7,29000,158,Fantasy
Justice League: Crisis on Infinite Earths - Part One,6.2,8500,93,Fantasy
This Is Me... Now,4.1,7100,65,Fantasy
Justice League: Crisis on Infinite Earths - Part Three,6.1,4500,94,Fantasy
Pedro Páramo,6.3,2900,130,Fantasy
Cinderella's Revenge,3.7,1100,85,Fantasy
The Sand Castle,4.6,1700,98,Fantasy
Timestalker,5.5,3000,89,Fantasy
That Christmas,6.8,17000,91,Fantasy
Hot Frosty,5.3,15000,92,Fantasy
Sketch,8.3,50,92,Fantasy
Ultraman: Rising,6.9,6400,117,Fantasy
Demon Slayer: Kimetsu No Yaiba - To the Hashira Training,7.1,8500,104,Fantasy
Bhool Bhulaiyaa 3,4.6,77000,158,Fantasy
Dan Da Dan: First Encounter,8.2,2700,83,Fantasy
Woody Woodpecker Goes to Camp,4.5,2600,100,Fantasy
Saving Bikini Bottom: The Sandy Cheeks Movie,3.7,3900,82,Fantasy
10 Lives,5.9,1900,88,Fantasy
Doraemon the Movie: Nobita's Earth Symphony,6.6,1500,115,Fantasy
Cinderella's Curse,3.3,1300,82,Fantasy
Dragonkeeper,5.7,1700,98,Fantasy
Mars,7.9,23,84,Fantasy
Justice League: Crisis on Infinite Earths - Part Two,5.5,5300,94,Fantasy
200% Wolf,5.9,1300,98,Fantasy
Angels Fallen: Warriors of Peace,4.9,5800,103,Fantasy
Alienoid: The Return to the Future,6.5,2600,122,Fantasy
The Tiger's Apprentice,5.7,2200,84,Fantasy
Overlord: The Sacred Kingdom,6.9,979,135,Fantasy
Else,6.1,238,102,Fantasy
Panda Bear in Africa,5.5,347,84,Fantasy
Woodwalkers,5.3,434,103,Fantasy
Seven Cemeteries,4.6,569,84,Fantasy
Gaami,6.4,2000,147,Fantasy
Kanguva,4.5,15000,152,Fantasy
Unspeakable: Beyond the Wall of Sleep,6.1,52,90,Fantasy
Super-Charlie,5.8,121,80,Fantasy
A.R.M,7.1,8700,150,Fantasy
Lesbian Space Princess,7.2,137,87,Fantasy
Vincent,7.3,49,92,Fantasy
Rebellious,6.0,195,94,Fantasy
Devil's Knight,5.2,891,90,Fantasy
Chantal in Fairyland,4.6,2600,118,Fantasy
Nonostante,6.0,157,93,Fantasy
Ryan's World the Movie: Titan Universe Adventure,1.8,693,80,Fantasy
The Night Before Christmas in Wonderland,6.3,516,80,Fantasy
Man and Witch: The Dance of a Thousand Steps,5.5,332,94,Fantasy
Witch,5.0,1400,107,Fantasy
Elli and the Ghostly Ghost Train,5.1,99,86,Fantasy
The Opera!,7.1,73,106,Fantasy
Thangalaan,6.6,6600,156,Fantasy
Cells at Work!,6.7,234,109,Fantasy
Dongeng Sang Kancil,6.7,173,99,Fantasy
A Dog's Will 2,6.2,3000,104,Fantasy
Robin and the Hoods,4.3,512,100,Fantasy
Balestra,5.1,529,145,Fantasy
Schneewittchen,4.8,7,70,Fantasy
Mononoke the Movie: The Phantom in the Rain,6.8,1200,89,Fantasy
School of Magical Animals 3,5.8,315,105,Fantasy
Warchief,2.5,608,94,Fantasy
Big City Greens the Movie: Spacecation,6.2,542,83,Fantasy
Patsy Lee & the Keepers of the 5 Kingdoms,4.0,219,109,Fantasy
The Invisibles,5.8,463,111,Fantasy
Lady Parts,8.9,40,79,Fantasy
White Snake: Afloat,6.9,475,133,Fantasy
Assassin's Guild,3.6,118,103,Fantasy
Dalia y el Libro Rojo,6.5,91,107,Fantasy
Orang Ikan,6.7,34,83,Fantasy
Nyctophobia,7.5,1800,90,Fantasy
Tim Travers & the Time Travelers Paradox,6.9,278,95,Fantasy
Barroz,3.5,1000,155,Fantasy
Mayan,8.7,131,113,Fantasy
Fureru,6.2,35,107,Fantasy
The Witch: Revenge,5.3,823,100,Fantasy
"Die Heinzels: Neue Mützen, Neue Mission",6.4,91,76,Fantasy
Oshi no Ko: The Final Act,6.8,125,129,Fantasy
Ghost Cat Anzu,6.5,768,97,Fantasy
My Oni Girl,6.0,1700,112,Fantasy
"Maya, donne-moi un titre",6.4,53,61,Fantasy
Ooru Peru Bhairavakona,5.7,1700,133,Fantasy
Respati,5.8,293,112,Fantasy
SuperKlaus,4.3,203,88,Fantasy
Loch Ness Monster Captured,3.3,32,45,Fantasy
Una ballena,6.1,76,108,Fantasy
The Sleeping Woman,5.2,569,110,Fantasy
Heartsping : Teenieping of Love,7.1,24,0,Fantasy
Diplodocus,6.3,177,90,Fantasy
Umro Ayyar - A New Beginning,6.9,675,135,Fantasy
The Phantom Warrior,2.4,555,119,Fantasy
Seven Seas Seven Hills,8.7,89,90,Fantasy
Si Juki the Movie: Harta Pulau Monyet,6.0,118,107,Fantasy
Un cuento de pescadores,7.3,39,103,Fantasy
King Baby,7.0,24,88,Fantasy
Hanami,6.8,102,96,Fantasy
The Casagrandes Movie,5.6,667,89,Fantasy
A Trip Elsewhere,5.6,101,93,Fantasy
Princesa Adormecida,3.8,167,80,Fantasy
STEVE (A Minecraft Movie),6.9,12,61,Fantasy
The Yin Yang Master Zero,5.7,275,112,Fantasy
The Proud Princess,6.7,113,84,Fantasy
Malaikottai Vaaliban,6.0,4100,156,Fantasy
Yi ren zhi xia,5.2,208,134,Fantasy
My Future You,8.3,50,109,Fantasy
Shrek 5: The Contract - A Fan Made Film,7.0,19,84,Fantasy
Once Upon a Christmas Wish,6.1,321,90,Fantasy
The Lost Tiger,7.9,45,90,Fantasy
The Epidemic,5.7,72,95,Fantasy
Perdiendo el Juicio,7.5,21,90,Fantasy
Bremenskie muzykanty,4.6,670,115,Fantasy
Kajolrekha,6.3,177,156,Fantasy
Empire Queen,3.2,204,148,Fantasy
The Seductress from Hell,6.7,18,102,Fantasy
Spirit Riser,6.7,33,98,Fantasy
"Don't Cry, Butterfly",6.4,118,97,Fantasy
We Work for the Dead,6.7,509,84,Fantasy
The Time Travel Hills,5.4,72,82,Fantasy
Vertical,5.2,132,111,Fantasy
God with Three Eyes,6.1,14,112,Fantasy
The Gesuidouz,6.8,57,93,Fantasy
The Vord,3.4,65,101,Fantasy
Enchanting Christmas,6.3,354,91,Fantasy
The Sisters,4.7,151,122,Fantasy
Bodegón con fantasmas,6.5,158,88,Fantasy
"Zak & Wowo, la légende de Lendarys",5.7,96,85,Fantasy
The Fisherman,7.2,44,105,Fantasy
Tokusou Sentai Dekaranger 20th: Fireball Booster,7.0,33,50,Fantasy
Dr. Sander's Sleep Cure,7.0,855,98,Fantasy
The Magic Reindeer Saving Santa's Sleigh,6.2,333,86,Fantasy
Pechi,5.6,1500,110,Fantasy
Hold Me Close,7.4,12,98,Fantasy
Schirkoa: In Lies We Trust,5.6,158,103,Fantasy
Dragon Ball Kai: Doragon Bôru Kai,8.5,71,82,Fantasy
Sureshinteyum Sumalathayudeyum Hridayahariyaya Pranayakatha,5.9,84,138,Fantasy
Bhairadevi,8.7,49,134,Fantasy
Rita,5.8,272,107,Fantasy
Don Dukun,7.0,53,98,Fantasy
Dead Dead Demon's Dededede Destruction,7.0,145,120,Fantasy
Spirit World,5.8,59,94,Fantasy
The Jester from Transylvania,4.8,37,102,Fantasy
Askepote,3.5,83,72,Fantasy
Letters at Christmas,3.7,172,84,Fantasy
Captain Avispa,5.8,177,96,Fantasy
The Woods Are Real,2.4,458,80,Fantasy
Saint Young Men: Holy Men vs Demon Army,3.0,13,93,Fantasy
La Balada de Hortensia,6.7,129,94,Fantasy
The Evil Fairy Queen,5.5,50,90,Fantasy
Apollon by Day Athena by Night,6.6,18,112,Fantasy
Carol,8.3,47,115,Fantasy
Intercambiadas,6.4,56,97,Fantasy
Fûto Tantei: Kamen Rider Skull no Shôzô,7.5,42,82,Fantasy
Universal Groove,5.5,170,74,Fantasy
The Slave and the Sorcerer,6.7,40,86,Fantasy
Po ke wang zhe,5.6,85,103,Fantasy
O Velho e a Espada,7.4,37,63,Fantasy
Domovyonok Kuzya,6.5,821,90,Fantasy
River of Ghosts,3.0,305,102,Fantasy
Witch Hunter,5.3,24,80,Fantasy
Letuchiy korabl,3.8,297,100,Fantasy
White Cobra Diamond Fox vs the Golden Eye,5.0,25,90,Fantasy
The Umbrella Fairy,5.5,54,95,Fantasy
A Song from the Dark,4.8,2200,105,Fantasy
Ienai Himitsu,6.8,66,115,Fantasy
Hiçbir Sey Normal Degil,6.1,72,71,Fantasy
Planet 7693,7.6,70,110,Fantasy
Penguin Girl,6.9,14,98,Fantasy
Videotheque,6.2,102,112,Fantasy
Lai zi wang xing de ni,6.4,42,105,Fantasy
Fushigi Dagashiya Zenitendo,7.3,17,103,Fantasy
Last Song for You,7.3,94,106,Fantasy
Turma da Mônica Jovem: Reflexos do Medo,2.8,258,88,Fantasy
Wandafuru Purikyua! Za mubi! Doki Doki Game no Sekai de Daiboken,7.0,35,71,Fantasy
Domovoy,4.3,289,102,Fantasy
Ella,9.2,65,91,Fantasy
The Beads,6.3,12,100,Fantasy
Formula vody,4.5,31,86,Fantasy
Nueva Tierra,7.6,30,123,Fantasy
Sun and Moon,5.0,5,163,Fantasy
Wedding Diaries,8.9,2000,121,Fantasy
Princess Halle and the Jester,4.8,61,71,Fantasy
River Returns,6.8,17,109,Fantasy
Pushpaka Vimana,5.6,16,137,Fantasy
The Worlds Divide,8.1,39,120,Fantasy
Wanderer,7.0,9,46,Fantasy
Vampire Genesis,4.4,36,105,Fantasy
Kami no Fude,6.5,13,74,Fantasy
Baba Yaga spasaet Novyy god,4.4,116,99,Fantasy
Mephisto,5.4,62,108,Fantasy
Bob a Bobek ve filmu: Na stope Mrkvojeda,7.7,24,80,Fantasy
Cedric & Alysia,5.2,52,84,Fantasy
Tri bogatyrya. Ni dnya bez podviga,5.7,67,61,Fantasy
Double Tuckerr,4.9,1200,120,Fantasy
Fidil Ghorm,7.8,7,86,Fantasy
Dead Dead Demon's Dededede Destruction Zenpen,7.1,140,120,Fantasy
Hakkenden,5.8,75,149,Fantasy
Naag Bhoomi,5.7,8,130,Fantasy
Horse with No Name,7.8,14,72,Fantasy
Maya Puthagam,5.4,424,122,Fantasy
Lilla spöket Laban spökar igen,6.2,26,44,Fantasy
Ognivo,5.5,226,105,Fantasy
Snake Skin Beauty,4.1,19,83,Fantasy
Nature Cat's Nature Movie Special Extraordinaire,7.3,19,53,Fantasy
The Secret of Pin-Up Island,7.4,92,107,Fantasy
Fenómenos naturales,7.2,30,80,Fantasy
Two Breaths,8.2,22,18,Fantasy
Ebenezer: The Traveler,3.5,145,102,Fantasy
Aalan,5.5,1100,137,Fantasy
Salomé,6.6,6,115,Fantasy
Maxxie LaWow: Drag Super-shero,8.7,58,114,Fantasy
Les tempêtes,5.7,21,84,Fantasy
Soul Traveler (The Feature),4.2,22,96,Fantasy
Fragments of Us,7.8,10,49,Fantasy
Traces of Love,6.5,908,105,Fantasy
The Heartsmith,9.6,43,95,Fantasy
The Eye of the Salamander,7.9,20,81,Fantasy
Chhota Bheem and the Curse of Damyaan,4.8,2300,145,Fantasy
Dou Po Cangqiong 3: Chu E,4.7,8,81,Fantasy
Zapiski yunogo vracha,2.4,5,86,Fantasy
Nie Xiaoqian,6.2,17,112,Fantasy
Luo Fan Chen,6.8,154,118,Fantasy
Mother Maker Lover Taker,5.9,33,99,Fantasy
Bloodspawn,5.7,12,76,Fantasy
Joachim and the Apocalypse,7.2,13,90,Fantasy
Supersiostry,3.9,135,90,Fantasy
Apokrif,8.7,20,64,Fantasy
Samaya bolshaya luna,2.4,128,105,Fantasy
Witches of God,7.6,16,73,Fantasy
Yao Shen Ling,6.7,66,93,Fantasy
Vasilisa i khraniteli vremeni,3.1,68,98,Fantasy
Sunce nikad vise,7.0,25,72,Fantasy
Vidente por Acidente,4.9,74,93,Fantasy
Spin the Wheel,6.0,87,102,Fantasy
10/31 Part 4,5.6,17,87,Fantasy
Mortadella,8.4,6,90,Fantasy
Hua pi: qing mie,6.8,52,80,Fantasy
Sith Wars: Episódio III - Fantasmas Dos Sith,8.6,114,99,Fantasy
Hua qian gu,3.9,26,97,Fantasy
Achilles Curse and the Curse of Treasure,7.4,25,125,Fantasy
Keo=peul-ji-ok,5.3,7,94,Fantasy
"Fallen Leaves, Broken Lighters",7.7,7,96,Fantasy
Couple in the Woods,5.6,31,65,Fantasy
The Hunters,7.3,19,98,Fantasy
Wonderland,6.8,12,120,Fantasy
Advent,7.5,6,119,Fantasy
Blue Christmas,5.6,21,79,Fantasy
Tara - The Lost Star,9.6,11,90,Fantasy
LUDA,7.2,6,86,Fantasy
JAPA,7.7,16,110,Fantasy
Dracu Ra,5.4,37,106,Fantasy
Iron Nest of the Moon,7.6,13,70,Fantasy
Gato Galactico e o Feitiço do Tempo,7.7,69,85,Fantasy
Sahmeran Efsanesi-Tulhan,5.9,33,0,Fantasy
Chyortov kamen,6.4,10,105,Fantasy
Sharma & Ambani,9.1,183,104,Fantasy
Velký Pán,7.0,8,73,Fantasy
Code Duello: From the Tithebanner Saga,8.9,339,61,Fantasy
UnichtoZhanna,3.3,51,98,Fantasy
Once Upon a Princess,5.6,63,80,Fantasy
Kyle and the Last Emerald 2,8.4,7,15,Fantasy
Krapiva: Tsvetok smerti,6.1,56,81,Fantasy
Darker Than Night,4.7,24,82,Fantasy
Black Dragon,3.9,9,99,Fantasy
The Blinkless,7.8,12,59,Fantasy
IZLIYORLAR,7.2,29,113,Fantasy
Nebesko,5.2,10,73,Fantasy
And Through the Portal We Go,6.8,11,83,Fantasy
Host,6.4,20,80,Fantasy
Skazochnyy patrul. Shou prodolzhayetsya,7.2,11,65,Fantasy
Xiao zi,3.5,12,101,Fantasy
Santa's Chimney of Secrets,4.6,23,66,Fantasy
Bicho Monstro,8.0,5,75,Fantasy
Let's Go! Anpanman: Baikinman and Lulun,6.5,7,64,Fantasy
I Am Moon,8.0,9,127,Fantasy
Mao yao qi tan,4.8,12,85,Fantasy
"Bryson, the Demon Slayer",4.5,12,59,Fantasy
Kyle and the Last Emerald,5.5,18,20,Fantasy
Kan dao ling hun de na zhi yan shi gong,3.3,12,124,Fantasy
Lucid Love,8.6,30,71,Fantasy
Cageling,5.9,8,69,Fantasy
